,Name,Type,Time,Contact,Province,City,Address,Competive,Coach,Scale,Fee,Lon,Lat,Others
1,北京工业大学 Chasers 飞盘社,学校队伍,,微信号：gh_fee3399d8f56,北京,北京市,北京工业大学,是,,,,116.4755159,39.87411856,无
2,北京大学白豆腐皮飞盘协会,学校队伍,,公众号： PKU Frisbee / 联系人微信号：zjc20020312,北京,北京市,北京大学,是,,,,116.3509987,39.75713112,无
3,北京理工大学 BIT 北理飞盘队,学校队伍,,微信号：gh_5eaa3e6af36d,北京,北京市,北京理工大学,是,,,,116.0790155,39.72060407,无
4,清华大学学生飞盘协会,学校队伍,,微信号: THU-Frisbee,北京,北京市,清华大学,是,,,,116.3195457,40.00046271,无
5,北京体育大学 BFC 体大飞盘社,学校队伍,,微信号: BFC-BFC,北京,北京市,北京体育大学,是,,,,116.312974,40.02243802,无
6,北京交通大学 BJTU 极限飞盘协会,学校队伍,,微信号: UltimateFrisbee_BJTU,北京,北京市,北京交通大学,是,,,,116.3411598,39.94591293,无
7,北京航空航天大学 BUAA Frisbee 极限飞盘社,学校队伍,,微信号: BUAA_Frisbee,北京,北京市,北京航空航天大学,是,,,,116.340297,39.97785046,无
8,北京语言大学 Bloomfield 北语飞盘社,学校队伍,,公众号：北语飞盘Bloomfield,北京,北京市,北京语言大学,是,,,,116.3401158,39.99361552,无
9,北方工业大学飞盘协会,学校队伍,,无,北京,北京市,北方工业大学,是,,,,116.2021855,39.92678351,CUUA 有登记队伍 但是没找到相关信息
10,对外经济贸易大学 Bazinga 极限飞盘协会,学校队伍,,无,北京,北京市,对外经济贸易大学,是,,,,116.421605,39.97905285,归属学生会没找到公众号
11,中央民族大学 Airkazakh 民大飞盘社,学校队伍,,微信号: MUC_AirKazakh,北京,北京市,中央民族大学,是,,,,116.3144497,39.94951256,无
12,北京邮电 DiscUp飞盘社,学校队伍,,公众号：北邮DiscUp飞盘社,北京,北京市,北京邮电大学,是,,,,116.3519428,39.95822128,无
13,北京外国语 Nocture飞盘队,学校队伍,,队长微信：15311417903 公号：BFSU Ultimate Frisbee,北京,北京市,北京外国语大学,是,,,,116.312879,39.955148,无
14,京妞,女子队伍,2016,小红书：北京京妞儿女子飞盘俱乐部联系人微信号：R19971115,北京,北京市,八喜联合竞技俱乐部足球场,是,coach：cchow  在大哥 京妞打比赛，盘龄10+年,20人左右，欢迎更多选手加入,平摊场地费，具体取决于来的人数。,116.504686,39.954356,
15,伙伴俱乐部五仁飞盘队,混合/公开,2021.11,小红书：孙蹲蹲265345455,北京,北京市,北京朝阳区东枫国际体育园,否,,30人,100,116.469083,39.936691,
16,伙伴俱乐部,混合/公开,2021.2,公众号：伙伴俱乐部小红书：伙伴俱乐部微信：kpjdgy,北京,北京市,东枫国际体育园（室外）,否,总教练：张坤教练员：志夫、Terrence等,截止2022年1月，群内共七百余人，增长中。,根据活动时间、地点、内容而定。,116.469083,39.936691,
17,伙伴俱乐部,混合/公开,2021.2,公众号：伙伴俱乐部小红书：伙伴俱乐部微信：kpjdgy,北京,北京市,方庄体育公园（室内/室外）,否,总教练：张坤教练员：志夫、Terrence等,截止2022年1月，群内共七百余人，增长中。,根据活动时间、地点、内容而定。,116.428442,39.867123,
18,伙伴俱乐部,混合/公开,2021.2,公众号：伙伴俱乐部小红书：伙伴俱乐部微信：kpjdgy,北京,北京市,广渠路数字空间篮球馆（室内）,否,总教练：张坤教练员：志夫、Terrence等,截止2022年1月，群内共七百余人，增长中。,根据活动时间、地点、内容而定。,116.511702,39.885472,
19,伙伴俱乐部,混合/公开,2021.2,公众号：伙伴俱乐部小红书：伙伴俱乐部微信：kpjdgy,北京,北京市,798室内足球场（室内）,否,总教练：张坤教练员：志夫、Terrence等,截止2022年1月，群内共七百余人，增长中。,根据活动时间、地点、内容而定。,116.503939,39.979506,
20,MOTIF飞盘俱乐部,混合/公开,2020,小红书：MOTIF飞盘俱乐部 视频号：MOTIF飞盘俱乐部 俱乐部联系人微信号：darrenli3927,北京,北京市,北京市奥林匹克森林公园南园体育园,否,,200,0-50元,116.378979,40.012284,
21,北京飞猫飞盘（FriCat）,混合/公开,2021.11,小红书：FriCatFrisbee微信：FriCat,北京,北京市,朝阳区望京恒通国际零秒足球场,是,盘零5年,200人,50元,116.498409,39.97738,
22,YJ飞盘俱乐部,混合/公开,2020.6,公众号 YJ极限飞盘/小红书 北京YJ-FLY极限飞盘/联系人微信：798237829,北京,北京市,八喜联合竞技俱乐部（东风南路）,是,李子昂 盘龄2年 未在其他队伍/朱可 盘龄5年 大连理工蜻蜓队,队伍37人/俱乐部1000+,由场地不同而定,116.504686,39.954356,
23,YJ飞盘俱乐部,混合/公开,2020.6,公众号 YJ极限飞盘/小红书 北京YJ-FLY极限飞盘/联系人微信：798237829,北京,北京市,东枫国际体育园,是,李子昂 盘龄2年 未在其他队伍/朱可 盘龄5年 大连理工蜻蜓队,队伍37人/俱乐部1000+,由场地不同而定,116.469083,39.936691,
24,Quasar,混合/公开,2020.9,联系人微信：18102827587,北京,北京市,东枫国际体育园,否,王彬,30人,,116.469083,39.936691,
25,北京D-FLY俱乐部,混合/公开,2018,北京极限飞盘/小红书：北京 D-FLY 飞盘俱乐部,北京,北京市,爱踢客青年足球俱乐部,是,有教练组,100—200人,,116.514579,39.972445,
26,北京D-FLY俱乐部,混合/公开,2018,北京极限飞盘/小红书：北京 D-FLY 飞盘俱乐部,北京,北京市,首体北校区足球场,是,有教练组,100—200人,,116.34324,39.975401,
27,"""like a dog ""Frisbee Club",混合/公开,2022.3,小红书：2ric二瑞克 微信：18610064911,北京,北京市,十里铺足球场,否,,110,60～100,116.504496,39.926986,
28,"""like a dog ""Frisbee Club",混合/公开,2022.3,小红书：2ric二瑞克 微信：18610064911,北京,北京市,奥森公园,否,,110,60～100,116.393096,40.009926,
29,北京西部梦乡,混合/公开,2022.4,活动社团主理人：Leo_Liu_6 队伍联系人：18515270427微信同号,北京,北京市,国家体育总局自行车击剑运动管理中心,是,Poison小豪 佛系老狗玩家 盘龄接近10年,新手局居多 每场次24～30人,100元/次,116.216659,39.915088,
30,桃罐头,混合/公开,2019.5,俱乐部联系人微信号：Moe00Mo,北京,北京市,陶凤缘黄桃罐头商店,是,,30人左右,无,116.333715,39.802876,
31,泉源极限飞盘队(Fountain),混合/公开,2021.5,泉源社群联系人微信号: 459908203 视频号：泉源飞盘,北京,北京市,东枫国际体育园,否,,,65-80不等,116.469083,39.936691,
32,泉源极限飞盘队(Fountain),混合/公开,2021.5,泉源社群联系人微信号: 459908203 视频号：泉源飞盘,北京,北京市,奥森/太阳宫附近,否,,,65-80不等,116.45498,39.96766,
33,大哥飞盘,混合/公开,2006,公众号：大哥飞盘,北京,北京市,北京奥体中心,是,,,,116.399334,39.983656,
34,GYMGANG飞盘队,混合/公开,2021.9,小红书：Gym Gang飞盘队,北京,北京市,东枫国际体育场路/北京市朝阳区农展馆南路甲9号,是,董天祺，北京大哥队精神队长，盘龄5年,30,无，需邀约制入队考试。,116.469083,39.936691,
35,天津体育学院 Speed 极速飞盘队,学校队伍,,公众号：天体极限飞盘SPEEDultimate小红书:天体speed飞盘 队伍联系人微信号: act-47378,天津,天津市,天津体育学院,是,,,,117.1874717,39.07430627,无
36,南开大学飞盘社,学校队伍,,小红书：南开大学飞盘社（5277093366）微信：15620368461,天津,天津市,南开大学,是,,,,117.1867643,39.08349005,无
37,天津大学 TJU 极限飞盘队,学校队伍,,联系人（小七SeveN）：18950235370,天津,天津市,天津大学,是,,,,117.17474,39.10950403,无
38,天津工业大学SKY极限飞盘协会,学校队伍,,微信：15764431917/公众号：天津工业大学极限飞盘协会/小红书：工大飞盘,天津,天津市,天津工业大学,是,,,,117.1082331,39.0643465,无
39,天津城建大学飞盘协会,学校队伍,,无,天津,天津市,天津城建大学,是,,,,117.0890125,39.09378899,CUUA 说有，但我没查到。
40,医路飞,学校队伍,,公众号：河北医大校园体育最前线,河北,石家庄市,河北医科大学,是,,,,114.5352943,38.04563534,无
41,华北电力大学飞盘协会,学校队伍,,无,河北,保定市,华北电力大学,是,,,,115.5056788,38.87759222,校内飞盘课程
42,河北传媒学院飞盘协会,学校队伍,,无,河北,石家庄市,河北传媒学院,是,,,,114.4580061,38.15259372,校内飞盘课程
43,河北ICU,混合/公开,2022.1,公众号：飞盘运动俱乐部联系人微信号：Frisbee-Lu,河北,石家庄市,河北省石家庄市裕华区雅清街23-a号,是,路佳，十余年飞盘训练经验，常年带队参加国内飞盘比赛。,15人，每周训练1-2次,根据实际情况AA制场地费、训练费等,114.566629,38.019474,
44,Rebels,混合/公开,2011.3,小红书：你个猴儿；微信：15735170361,山西,太原市,祥云公园,是,,100人,,112.54852,37.766952,
45,内蒙古科技大学内科大极限飞盘协会,学校队伍,,无,内蒙古,包头市,内蒙古科技大学,是,,,,109.8270574,40.61927561,CUUA 里有写但是没找到信息
46,内蒙 NM ULTIMATE HOHHOT,混合/公开,2020.9,联系人微信号：joeee_yu,内蒙古,呼和浩特市,成吉思汗笼式足球场地,否,,500 人,50,111.669627,40.855281,
47,沈体 strike 飞盘队,学校队伍,,微信号：STrike-2021 微信13032428021,辽宁,沈阳市,沈阳体育学院,是,,,,123.4364975,41.84031881,无
48,大连理工大学极限飞盘社（蓝精灵）研究生分部,学校队伍,,公众号：大工飞盘/大工研究生极限飞盘B站：大工飞盘,辽宁,大连市,大连理工大学,是,,,,121.5290317,38.88056472,无
49,大连理工大学极限飞盘社（蓝精灵）,学校队伍,,公众号：大工飞盘/大工研究生极限飞盘B站：大工飞盘,辽宁,大连市,大连理工大学,是,,,,121.5290317,41.72474799,无
50,辽宁科技大学飞盘协会,学校队伍,,无,辽宁,鞍山市,辽宁科技大学,是,,,,123.0580689,41.10577287,无
51,鞍山师范学院飞盘协会,学校队伍,,无,辽宁,鞍山市,鞍山师范学院,是,,,,122.9903356,41.07460759,有消息说只有一个人在玩，没有队伍
52,大连财经学院飞盘协会,学校队伍,,无,辽宁,大连市,大连财经学院,是,,,,121.8268398,39.08610486,有飞盘队，没找到公众号
53,大连海事大学DMU飞盘队,学校队伍,2009,微信号：DR2867431106,辽宁,大连市,大连海事大学西山体育场,是,孙老师,50---100,学校校队和社团，无需选手自费,121.5271325,38.87035812,无
54,大连艺术学院大艺凤凰飞盘队,学校队伍,,公众号：大艺凤凰飞盘   小红书：飞盘新光,辽宁,大连市,大连艺术学院,是,,,,121.82915,39.09768968,无
55,大连科技 Seagulls 飞盘队,学校队伍,,微信号：gh_d123b1b49360,辽宁,大连市,大连科技学院,是,,,,121.1498593,38.78128176,无
56,沈阳工业大学飞盘协会,学校队伍,,无,辽宁,沈阳市,沈阳工业大学,是,,,,123.24338,41.7338081,无
57,辽宁对外经贸飓风 Hurricane 飞盘俱乐部,学校队伍,,俱乐部联系人微信号：l2453570581,辽宁,大连市,辽宁对外经贸学院,是,,,,121.1578046,38.81684864,无
58,大连女子飞盘队 （暂定名GDX）,女子队伍,2019,（暂时）微信号：_9454274,辽宁,大连市,红旗足球公园,是,,,,121.531082,38.92695,
59,沈阳飞盘社群,混合/公开,2020,联系人微信:13032428021,辽宁,沈阳市,沈阳市朗朗钢琴广场,否,,200人群 每次活动平均10人-20人,夏季免费 冬季均摊场地费,123.417658,41.743782,
60,大连新光飞盘俱乐部,混合/公开,2022.3,小红书：大连新光飞盘俱乐部/微信号：15524607253,辽宁,大连市,辽宁省大连市奥林匹克广场,是,大连艺术学院，6年,300,30,121.608011,38.908841,
61,沈阳SD-Fly,混合/公开,2022.3,微信：13940491727,辽宁,沈阳市,沈阳市浑南区朗朗钢琴广场,是,沈阳市体育学院极限飞盘选修学生,2000名会员,如需场地费，会AA,123.417658,41.743782,
62,通化师范学院飞盘队,学校队伍,,微信：lihaiyang8899_,吉林,通化市,通化师范学院,是,,,,125.9859342,41.74868908,无
63,通化师范学院飞盘协会,学校队伍,,无,吉林,通化市,通化师范学院,是,,,,125.988454,41.746329,无
64,长春浩淼体育文化,混合/公开,2021.1,公众号：浩淼体育,吉林,长春市,长春市高新区畅达路777号综合体育馆,否,,30人,无,125.315189,43.830916,
65,长春白鹿极限飞盘俱乐部,混合/公开,2015,公众号：JLU极限飞盘微信号：bailudiscs电话咨询：15611817062,吉林,长春市,吉林大学体育场/吉林省长春市前进大街2699号吉林大学,是,东东 地大飞盘 7年钰Max 西安飞盘 5年皮皮 白鹿飞盘 3年,30人,0,125.279835,43.82621,
66,哈尔滨工程大学One piece飞盘社,学校队伍,,无,黑龙江,哈尔滨市,哈尔滨工程大学,是,,,,126.6640617,45.773454,没找到公众号
67,哈尔滨工业大学飞盘协会,学校队伍,,无,黑龙江,哈尔滨市,哈尔滨工业大学,是,,,,126.633495,45.74720829,CUUA 说有没找到信息
68,哈尔滨理工 Catcher22 飞盘队,学校队伍,,李维东 | 微信号：c8-louis,黑龙江,哈尔滨市,哈尔滨理工大学,是,,,,126.6106943,45.71309572,无
69,绥化学院飞盘协会,学校队伍,,无,黑龙江,绥化市,绥化学院,是,,,,126.9715367,46.62210388,无
70,同济 tjuf 飞盘队,学校队伍,,公众号：同济飞盘联系人微信：cyj2532309190,上海,上海市,同济大学,是,,,,121.4598868,31.26295036,无
71,复旦大学飞盘协会,学校队伍,,微信号：fdu_ultimate,上海,上海市,复旦大学,是,,,,121.4980327,31.29365392,无
72,上海对外经贸大学飞盘协会,学校队伍,,公众号：上经贸大飞盘小红书：上经贸大飞盘俱乐部俱乐部联系人微信号：b844053524,上海,上海市,上海对外经贸大学,是,,,,121.4008939,31.20720933,无
73,上海工程技术大学飞盘协会,学校队伍,,无,上海,上海市,上海工程技术大学,是,,,,121.3970132,31.20545298,无
74,上海科技大学飞盘协会,学校队伍,,微信号：gh_52ffaf9abe0a（公众号名称：可积飞盘Corgi）,上海,上海市,上海科技大学,是,,,,121.5924947,31.17650259,无
75,上海交通大学飞盘协会,学校队伍,,微信号: sjtufrisbee,上海,上海市,上海交通大学,是,,,,121.4223504,31.19644082,无
76,华东政法 ECUPL 飞盘队,学校队伍,,公众号：Ecupl飞飞飞飞盘社联系人微信号：littletz/xxl13369981609,上海,上海市,华东政法大学,是,,,,121.4147763,31.22189996,无
77,华东师范 TwinS 幻狮飞盘队,学校队伍,,微信号：gh_a89f7e133dac（公众号名称：ECNU极限飞盘）,上海,上海市,华东师范大学,是,,,,121.4069363,31.2276945,无
78,上海大学飞盘协会,学校队伍,,公众号：上海大学极限飞盘／小红书：上海大学极限飞盘／俱乐部联系人微信号：cy13925454109,上海,上海市,上海大学,是,,,,121.3891637,31.3171223,无
79,上海健康医学院 SUMHS 极限飞盘队,学校队伍,,微信号：SUMHS-UTF,上海,上海市,上海健康医学院,是,,,,121.6080245,31.09989095,无
80,上海海洋大学飞盘队,学校队伍,,校内体育课,上海,上海市,上海海洋大学,是,,,,121.89691,30.882894,无
81,上海体育学院飞盘队,学校队伍,,校内体育课,上海,上海市,上海体育学院,是,,,,121.525343,31.312332,无
82,中央美院上海分院飞盘队,学校队伍,,校内体育课,上海,上海市,中央美院上海分院,是,,,,121.932291,30.881952,无
83, cheetahs,学校队伍,,微信号 j1836231881,上海,上海市,上海七宝德怀特高级中学,是,,,,121.3813715,31.13865282,无
84,包玉刚极限飞盘队,学校队伍,,俱乐部联系人微信号：qingfengbuguoer/jzy_13141210公众号：YKP Ultimate,上海,上海市,包玉刚实验学校,是,,,,121.1920897,31.03853216,无
85,WASH,学校队伍,,wechat：Kevnwithnoi,上海,上海市,上海尚德实验学校,是,,,,121.5950952,31.13676283,无
86,Nanmo Lions,学校队伍,,校飞盘队联系人（主理人）微信号：18817750122,上海,上海市,上海民办南模中学,是,,,,121.445718,31.177441,无
87,Pathfinder,学校队伍,,WX：Xovt712 or Astro_WANG_42,上海,上海市,上海阿德科特进修学校,是,,,,121.19643,31.09470779,无
88,Vapour,学校队伍,,公众号： Vapour UCS联系人微信号：zk1399952061,上海,上海市,上海领科双语学校,是,,,,121.3397147,31.13016804,无
89,Wolves,学校队伍,,18016099762,上海,上海市,上海市万源城协和双语学校,是,,,,121.3965334,31.14562453,无
90,SCLS WINGS,学校队伍,,校队联系人微信号：sunnysun20040721/mfxmfxmfx05（均可）,上海,上海市,上海宋庆龄学校大,是,,,,121.2412816,31.1419369,无
91,YONSEED,青训队伍,2014,小红书：YONSEED_KUBA,上海,上海市,浦东联洋社群附近绿地or球场,否,教练KUBA和很多出色的高校飞盘选手。KUBA盘龄11年，曾在YONSEED不同活动训练担任过教练的飞盘选手包括Et sandy frank jenny等等…,主要是针对青少年 七年累计越3-4k总人数,100-200不同活动内容,121.561538,31.22721,
92,lumos Maxima,女子队伍,2018,公众号：lumos MAXIMA 2018小红书：lumos飞盘俱乐部,上海,上海市,上海滩运动公社：上海市浦东新区张杨北路2700号,是,2022教练：小白Leo，盘龄8年，teams:CMBK、ChuChai、Huwa、Fling、宁波UFO、Double T、NutsCracker、2016&2019中国混合队；心宇Kyle，盘龄9年，teams:宁波UFO、Huwa、CMBK、ChuChai,队伍18～22人 ，每年训练营公开报名人数不等,训练一般平摊场地费 90～120/次,121.591666,31.307292,
93,上海Sirens女子飞盘队,女子队伍,2015.12,官 网：http://www.sirensultimate.com公众号：上海女子飞盘SirensUltimateclub小红书：上海Sirens女子飞盘俱乐部（小红书号：129435234）联系人微信号：sherrylee0213,上海,上海市,江湾体育场,是,教练：Nick林盘龄：2008年开始玩盘，13年北美飞盘经验。,40~50人,,121.516557,31.306615,
94,上海Sirens女子飞盘队,女子队伍,2015.12,官 网：http://www.sirensultimate.com公众号：上海女子飞盘SirensUltimateclub小红书：上海Sirens女子飞盘俱乐部（小红书号：129435234）联系人微信号：sherrylee0213,上海,上海市,上海瑞可碧橄榄球俱乐部,是,教练：Nick林盘龄：2008年开始玩盘，13年北美飞盘经验。,40~50人,,121.591265,31.307127,
95,Griffin Ultimate 女子,女子队伍,2022.1,小红书官号：戈里芬体育联系人微信：gaojingfen001,上海,上海市,上海浦东SCSC,是,参与组建了中国第一支女子竞技队上海Sirens，并在过去5年持续接受系统性女子竞技飞盘训练。,30,训练营118元/次,121.5666221,31.28735874,
96,YONSEED,混合/公开,2014,小红书：YONSEED_KUBA,上海,上海市,浦东联洋社群附近绿地or球场,否,教练KUBA和很多出色的高校飞盘选手。KUBA盘龄11年；曾在YONSEED不同活动训练担任过教练的飞盘选手包括Et sandy frank jenny等等…,主要是针对青少年 七年累计越3-4k总人数,100-200不同活动内容,121.561538,31.22721,
97,DISCO.,混合/公开,2022.1,微信号：FitnessGirls2020 /小红书：DISCO.（6316949368）,上海,上海市,新虹桥中心花园北门球场（上海市长宁区延安西路2238号）,是,Fred史策2013-2017年 英国世界飞盘锦标赛 中国国家队  Eason中国队U20国家队队员上海U24队员,,,121.4039544,31.20152625,
98,上海黑猫飞盘俱乐部,混合/公开,2018.4,公众号：上海黑猫极限飞盘队小红书：黑猫飞盘俱乐部联系人微信号：dorothyw,上海,上海市,上海市徐汇区龙腾大道3399号西岸营地（西岸金融城）,是,小潘 盘龄10+年 上海出差 沪蛙等晓飞 盘龄10+年 上海出差 沪蛙 Aougc中国国家队混合队,社群2000人，竞技队50人,120,121.463003,31.18297374,
99,FunCity奉贤社群,混合/公开,2021.12,俱乐部联系人：YuAN--67,上海,上海市,上海市奉贤区创林足球场,否,,100,0,121.441137,30.929741,
100,上海山坡飞盘俱乐部,混合/公开,2020.6,公众号：上海山坡飞盘，小红书：上海山坡飞盘俱乐部，俱乐部联系人：18601670167,上海,上海市,上海市虹口区广粤支路89号,是,总教练：徐江军Ivan，盘龄15年，代表国家队参加洲际比赛，全国比赛获得过两次冠军，多次获得公开赛赛事MVP,700人左右,65-120不等的队内训练，新人营，pickup等,121.4594237,31.2977909,
101,上海之翼（Shanghai Wings），2011年建队为上海之翼，之后改为鲲鹏飞盘俱乐部 2022年初改回了上海之翼,混合/公开,2011,公众号：上海鲲鹏飞盘（还没来得及改名） 小红书 ：上海之翼（Shang Wings）队长微信：qq514400760,上海,上海市,古北体汇，上海闵行区红松东路620号,是,混合队队长：L，江浩波，13年开始在宁波诺丁汉大学UFO飞盘社开始玩盘，2020年在上海工作后加入Wings女子队队长：王炎，12年左右开始玩盘，前wings队长,三四十人，以队伍为主,队员参加训练每次80元,121.398873,31.189377,
102,LEPAN楽伴飞盘俱乐部,混合/公开,2021.9,小红书：LEPAN楽伴飞盘俱乐部俱乐部联系人：qingfengbuguoer,上海,上海市,上海普陀,是,Panhuligans/huwa/chuchai/lumosMAXIMA,？还行,60-120,121.39547,31.249618,
103,LEPAN楽伴飞盘俱乐部,混合/公开,2021.9,小红书：LEPAN楽伴飞盘俱乐部俱乐部联系人：qingfengbuguoer,上海,上海市,上海浦东,是,Panhuligans/huwa/chuchai/lumosMAXIMA,？还行,60-120,121.544346,31.221461,
104,PEight,混合/公开,2022,Cax/Wechat：caxtonhuang0316,上海,上海市,上海市嘉定区市民运动公园足球公园,否,,小,15 or more,121.240009,31.324543,
105,朱雀飞盘队,混合/公开,2022,微信cj9217,上海,上海市,局门路球场,是,CJ，沪蛙/出差/复旦，国家二级运动员，盘龄11年，排球/飞盘国家队选手。B站飞盘up主【玩飞盘的排球少年】。,社群规模2000人+,80-120元,121.480237,31.192249,
106,朱雀飞盘队,混合/公开,2022,微信cj9217,上海,上海市,外马路黄浦世博体育园,是,CJ，沪蛙/出差/复旦，国家二级运动员，盘龄11年，排球/飞盘国家队选手。B站飞盘up主【玩飞盘的排球少年】。,社群规模2000人+,80-120元,121.501499,31.205116,
107,i星俱乐部,混合/公开,2021.7,小红书：i星俱乐部 联系人微信号：zyh1518,上海,上海市,上海黄浦体育园,否,,700,98-120,121.501499,31.205116,
108,i星俱乐部,混合/公开,2021.7,小红书：i星俱乐部 联系人微信号：zyh1518,上海,上海市,乐动足球场,否,,700,98-120,121.5017378,31.20497516,
109,HUWA,混合/公开,1999,公众号: Huwa Family Or contact any of the captains,上海,上海市,Jiangwan Stadium,是,We don’t have coaches， Captains take care of everything,It depends,It depends,121.516557,31.306615,
110,拿铁飞盘俱乐部,混合/公开,2021.6,公众号：拿铁飞盘俱乐部/小红书：拿铁飞盘俱乐部/联系人微信号：zhang529457180,上海,上海市,源深体育中心,是,大力,俱乐部成员1000，竞技队20人,18—99,121.534642,31.233004,
111,Ds-Fly,混合/公开,2019.5,hanxiao_527,上海,上海市,上海滩运动公社,是,王家云，同济,25,70每次,121.591666,31.307292,
112,上海多飞极限飞盘俱乐部,混合/公开,2020.7,公众号：上海多飞飞盘微信号：13636445175小红书：上海多飞飞盘俱乐部,上海,上海市,上海市徐汇区零陵路800号,是,教练：Mikl,2500-3000人,88-120,121.440786,31.183244,
113,Neon Zebra,混合/公开,2021.9,小红书：NeonZebra斑马飞盘 抖音：斑马飞盘联系人：chuck1prh,上海,上海市,上海市长宁区北翟路72号洛克公园斑马足球场,是,教练chuck盘年龄：6个月是上海超光速raven竞技队的队员,355人,49/人,121.377022,31.219253,
114,上海邮差飞盘,混合/公开,2021.1,公众号：邮差飞盘小红书：邮差飞盘俱乐部联系人微信号：postmanfrisbee,上海,上海市,上海市浦东新区杨新东路280号中体世博都市运动中心,是,ROY/Pirates,40人,80,121.498386,31.185326,
115,CMBK,混合/公开,2020.4,俱乐部联系人：17891912872,上海,上海市,静安,是,王晓飞 10年Huwa/Junk/UFO/Firestorm（Aus）/DoubleT,25人,,121.447348,31.227718,
116,Shanghai Chuchai/上海出差,混合/公开,2017,微信号:Oliewatensai,上海,上海市,上海江湾体育场,是,,,,121.516557,31.306615,
117,Gravity引力星球,混合/公开,2021.6,全网搜Gravity引力星球 联系微信：gravitystar001,上海,上海市,世博黄浦体育园,是,Josh ，U20，U24国青队主教练，WFDF Game Advisor上海之翼俱乐部。盘龄10年；少爷，西安体院,5500人,120/场,121.501499,31.205116,
118,Gravity引力星球,混合/公开,2021.6,全网搜Gravity引力星球 联系微信：gravitystar001,上海,上海市,聚动力河畔球场,是,Josh ，U20，U24国青队主教练，WFDF Game Advisor上海之翼俱乐部。盘龄10年；少爷，西安体院,5500人,120/场,121.479177,31.192844,
119,Gravity引力星球,混合/公开,2021.6,全网搜Gravity引力星球 联系微信：gravitystar001,上海,上海市,乐动足球公园,是,Josh ，U20，U24国青队主教练，WFDF Game Advisor上海之翼俱乐部。盘龄10年；少爷，西安体院,5500人,120/场,121.5017378,31.20497516,
120,Gravity引力星球,混合/公开,2021.6,全网搜Gravity引力星球 联系微信：gravitystar001,上海,上海市,黄兴公园,是,Josh ，U20，U24国青队主教练，WFDF Game Advisor上海之翼俱乐部。盘龄10年；少爷，西安体院,5500人,120/场,121.533383,31.295389,
121,Gravity引力星球,混合/公开,2021.6,全网搜Gravity引力星球 联系微信：gravitystar001,上海,上海市,一兆韦德城市旗舰店,是,Josh ，U20，U24国青队主教练，WFDF Game Advisor上海之翼俱乐部。盘龄10年；少爷，西安体院,5500人,120/场,121.485773,31.231705,
122,上海超光速俱乐部- RAVEN飞盘队,混合/公开,2021,微信：cj9217,上海,上海市,局门路球场,是,CJ，沪蛙/出差/复旦，国家二级运动员，2011开始玩盘，排球/飞盘国家队选手。B站飞盘up主【玩飞盘的排球少年】。,社群规模2000人+,80-120元,121.480237,31.192249,
123,上海超光速俱乐部- RAVEN飞盘队,混合/公开,2021,微信：cj9217,上海,上海市,龙腾大道3399,是,CJ，沪蛙/出差/复旦，国家二级运动员，2011开始玩盘，排球/飞盘国家队选手。B站飞盘up主【玩飞盘的排球少年】。,社群规模2000人+,80-120元,121.463003,31.18297374,
124,上海超光速俱乐部- RAVEN飞盘队,混合/公开,2021,微信：cj9217,上海,上海市,外马路黄浦世博体育园,是,CJ，沪蛙/出差/复旦，国家二级运动员，2011开始玩盘，排球/飞盘国家队选手。B站飞盘up主【玩飞盘的排球少年】。,社群规模2000人+,80-120元,121.501499,31.205116,
125,PUTON浦东飞盘俱乐部,混合/公开,2021,小红书：Michael大河 / 俱乐部联系人微信号：yveshe,上海,上海市,浦东琦逸足球公园/上海市浦东新区罗山路1177号,否,,20,120,121.570312,31.231731,
126,猎户座极限飞盘社,学校队伍,,无,江苏,南京市,南京体育学院,是,,,,118.8619015,32.04607822,无
127,Sipo,学校队伍,,微信号：gh_52d46e33232c（公众号名称：西浦飞盘SIPOultimate）,江苏,苏州市,西交利物浦,是,,,,120.7381262,31.27499621,无
128,常熟理工学院飞盘协会,学校队伍,,无,江苏,苏州市,常熟理工学院,是,,,,120.7704561,31.5891888,无
129,南信大极限飞盘社,学校队伍,,无,江苏,南京市,南京信息工程大学,是,,,,118.7100235,32.20540892,公众号归属学校
130,南京邮电 Postman 极限飞盘社,学校队伍,,小红书：南邮Postman极限飞盘协会，公众号：Postman极限飞盘,江苏,南京市,南京邮电大学,是,,,,118.7656015,32.08484207,无
131,南京师范 Phoenix 极限飞盘社,学校队伍,,微信号：gh_bd1c0662090a（公众号名称：南师大极限飞盘社）,江苏,南京市,南京师范大学,是,,,,118.91025,32.106838,无
132,河海大学飞盘协会,学校队伍,,微信号：gh_0d108ee21004（公众号名称：河海极限飞盘）,江苏,南京市,河海大学,是,,,,118.7806878,31.9164125,无
133,南京大学飞盘协会,学校队伍,,无,江苏,南京市,南京大学,是,,,,118.7847813,32.0585817,无
134,南京医科大学 NMU 极限飞盘社,学校队伍,,微信号：NMU-ULTIMATE,江苏,南京市,南京医科大学,是,,,,118.7747737,32.04400058,无
135,苏州大学飞盘协会,学校队伍,,微信号：SUDA_ULTIMATE,江苏,苏州市,苏州大学,是,,,,120.7262026,31.27458018,无
136,锡职 INFINITY 飞盘队,学校队伍,,微信号：WXITUltimateFrisbee,江苏,无锡市,无锡职业技术学院,是,,,,120.2900355,31.5423269,无
137,江南大学极限飞盘协会,学校队伍,,微信号: JUUF2018,江苏,无锡市,江南大学,是,,,,120.2682501,31.47656528,无
138,无锡南外飞盘俱乐部,学校队伍,,无,江苏,南京市,无锡南外国王国际学校,是,,,,120.305789,31.467535,无
139,Nankings,混合/公开,2009,无公众号石迎利：Coffeeinn（联系人）Simon Liang（创始人）,江苏,南京市,南京市玄武湖公园樱洲,是,Simon Liang 梁爱伟盘龄20年,15人左右,免费参与,118.793549,32.072076,
140,小鸟飞盘,混合/公开,2021.1,公众号：小鸟竞技小红书：Birdy Disc小鸟飞盘微信号：lvxiangbo,江苏,昆山市,昆山市体育中心足球场,否,,200,暂无,120.908499,31.386819,
141,小鸟飞盘,混合/公开,2021.1,公众号：小鸟竞技小红书：Birdy Disc小鸟飞盘微信号：lvxiangbo,江苏,昆山市,慈济金亚园区足球场,否,,200,暂无,120.997199,31.372019,
142,酥粥飞盘,混合/公开,2021,公众号：酥粥飞盘俱乐部联系人微信：BenCao964118,江苏,苏州市,苏州金阊文体中心苏州奥体中心苏州奥蓝大球场,是,大鸟 盘龄2年 南体 桃罐头昊楠 盘龄7年 苏大 CHUCHAI,,,120.556575,31.354445,
143,苏州superjet 极限飞盘队,混合/公开,2022.3,小红书：苏州superjet极限飞盘队 俱乐部联系人微信号：17311137590,江苏,苏州市,苏州市工业园区金鸡湖香樟园,是,Flame.D杨烨东 桃罐头 枪花 盘龄：4Gary弓昊楠 沪娃 出差 盘龄：7,34,目前费用AA 根据场地而定,120.680456,31.319764,
144,南京枪花俱乐部,混合/公开,2015,小红书：南京枪花俱乐部,江苏,南京市,南京体育学院操场,是,,20-30人,,118.866818,32.044332,
145,常州赤乌俱乐部Changzhou Raven Club,混合/公开,2022,常州飞盘小猴子 小红书号：1491981328,江苏,常州市,常州钟楼中天钢铁体育场,否,,,单次50，会员30,119.943831,31.770066,
146,无锡Hard-D极限飞盘俱乐部,混合/公开,2020,微信号：WX_Hard-D_Frisbee,江苏,无锡市,无锡市梁溪区观山路八方汇,是,Pocky，杭州龙井虾仁前队长，7年 黄凯，无锡联队飞盘队队长，4年 Tony，无锡无锡飞盘创始人，10年,,,120.345606,31.578582,
147,南京飞盘俱乐部,混合/公开,2012,微信号：nanjingdisc,江苏,南京市,南京市浦口区浦口大道1号,是,,,,118.667918,32.055682,
148,宁波 UFO / Flamingirls,学校队伍,,微信号：ningboUFO,浙江,宁波市,宁波诺丁汉大学,是,,,,121.5582274,29.80263998,无
149,浙江理工 flytop 飞盘队,学校队伍,,公众号：flytop极限飞盘,浙江,杭州市,浙江理工大学,是,,,,120.3486586,30.31549297,无
150,浙江金融职业学院飞盘协会,学校队伍,,微信号：trylayout,浙江,杭州市,浙江金融职业学院,是,,,,120.3785628,30.32198128,无
151,中国计量 neverdrop 飞盘队,学校队伍,,微信号：gh_bc14a44a6ebc（公众号名称：NeverDrop飞盘俱乐部）,浙江,杭州市,中国计量大学,是,,,,120.3714589,30.32203073,无
152,浙江财经大学飞盘协会,学校队伍,,无,浙江,杭州市,浙江财经大学,是,,,,120.3964315,30.32018025,无
153,浙江大学飞盘协会,学校队伍,,微信号：zjuu-frisbee,浙江,杭州市,浙江大学,是,,,,120.1201468,30.26493029,无
154,浙江农林大学飞盘协会,学校队伍,,无,浙江,杭州市,浙江农林大学,是,,,,120.1583755,30.2427537,无
155,宁波理工学院飞盘协会,学校队伍,,无,浙江,宁波市,宁波理工学院,是,,,,121.5704186,29.81783185,无
156,宁波大学飞盘协会,学校队伍,,无,浙江,宁波市,宁波大学,是,,,,121.601199,29.94472582,无
157,浙江万里 Great Wow 飞盘队,学校队伍,,公众号：Great_WoW俱乐部联系人微信号：18012072244,浙江,宁波市,浙江万里学院钱湖校区,是,,,,121.5630963,29.81680454,无
158,杭州好虾女子飞盘队（ASTAUltimate）,女子队伍,2022.3,公众号：杭州女子飞盘好虾Ultimate 小红书：杭州好虾女子飞盘队,浙江,杭州市,拱墅区糖果和洛克公园,是,盘龄5-10年，美国、上海、UFO都打过。,比赛人数40,60,120.209526,30.254565,
159,宁波 Flamingirls,女子队伍,2016,俱乐部联系人微信号：xiayuli2001,浙江,宁波市,浙江省宁波市鄞州区首南街道泰康东路199号宁波诺丁汉大学,是,,100人以内,,121.56351,29.80002,
160,信天飞盘俱乐部,混合/公开,2022,小红书：信天飞盘/俱乐部联系人微信号：lansun185/视频号：净之来了,浙江,衢州市,衢州市民足球场/柯城区荷花五路,否,,20,暂无,118.875758,28.928934,
161,温州飞盘煴队,混合/公开,2018,温州组织队伍：飞扬13336946069微信同步,浙江,温州市,温州市鹿城区智慧谷足球场,否,,,平均50元左右一个人,120.681877,28.015568,
162,龙井虾仁（原杭州队）,混合/公开,2021.1,虾仁ultimate,浙江,杭州市,钱江世纪城大草坪,是,郑励，宁波UFO毕业，盘龄6年jack，盘龄10年左右,20人,50元/人,120.158978,30.247371,
163,龙井虾仁（原杭州队）,混合/公开,2021.1,虾仁ultimate,浙江,杭州市,糖果盒足球场,是,郑励，宁波UFO毕业，盘龄6年jack，盘龄10年左右,20人,50元/人,120.197919,30.318834,
164,西溪盘丝岭,混合/公开,2021.3,社团联系人微信号：172104733,浙江,杭州市,吉客体育中心/余杭区龙泉路16号,是,刘滨 盘龄10年和平 盘龄8年文瑞 盘龄7年,260人社群,50元/次,119.982487,30.281229,
165,盘人甲·杭州,混合/公开,2021.8,社群联系人微信号：panrejia001,浙江,杭州市,浙江省杭州市滨江区江汉路1515号浙江省杭州市西湖区双龙街与枫树路交汇处,否,,600人,50元/人/次,120.066506,30.292799,
166,盘人甲·宁波,混合/公开,2021.8,社群联系人微信号：panrejianb,浙江,宁波市,浙江省宁波市江北区外滩街道槐树路290弄洛克运动中心八人制橄榄球场,否,,300人,50元/人/次,121.549435,29.887144,
167,大白俱乐部,混合/公开,2021,小红书：DABAI-CLUB 微信号：DABAI-CLUB,浙江,杭州市,江和美,否,,1000人,50/次,120.227507,30.268539,
168,合肥工业大学飞盘协会,学校队伍,,无,安徽,合肥市,合肥工业大学,是,,,,117.2955935,31.84763437,无
169,中国科学技术大 ustc 极限飞盘协会,学校队伍,,公众号：中科大极限飞盘队bilibili：中科大极限飞盘队微信联系人：xiaomian666666666/18907139742,安徽,合肥市,中国科学技术大学,是,,,,117.2806222,31.82215807,无
170,安徽工程AirHover飞盘队,学校队伍,,公众号：AHPU-Ultimate抖音号：guli45845俱乐部联系人微信号：JONESBO17,安徽,芜湖市,安徽工程大学,是,,,,118.4115293,31.33891162,无
171,芜湖职业技术学院飞盘协会,学校队伍,,无,安徽,芜湖市,芜湖职业技术学院,是,,,,118.369302,31.277972,无
172,集大无极极限飞盘队,学校队伍,,集美大学诚毅学院飞盘社团，目前和白鹭一起训练，联系人：张宇光（微信：yuguang1080）,福建,厦门市,集美大学,是,,,,118.0896144,24.58488326,无
173,厦门大学飞盘队,学校队伍,,无,福建,厦门市,厦门大学,是,,,,118.102576,24.436343,无
174,福州Suns女子飞盘队,女子队伍,2022.4,小红书：福州飞盘Joanna，微信：joannaisacoolcat,福建,福州市,福州沙滩公园,是,"Tammy, 盘龄9年，珠海UIC, 福州Flame，2015年AOUGC香港女子队roster； Joanna，盘龄7年，福州Flame，2019年AOUGC中国女子队roster精神队长，WFDF Advanced GA。 小北，盘龄5年，福州Flame，2019年AOUGC中国女子队roster。",50人（截止启动第二周）,300,119.230858,26.079922,
175,福州Suns女子飞盘队,女子队伍,2022.4,小红书：福州飞盘Joanna，微信：joannaisacoolcat,福建,福州市,福州南江滨五人制足球场,是,"Tammy, 盘龄9年，珠海UIC, 福州Flame，2015年AOUGC香港女子队roster； Joanna，盘龄7年，福州Flame，2019年AOUGC中国女子队roster精神队长，WFDF Advanced GA。 小北，盘龄5年，福州Flame，2019年AOUGC中国女子队roster。",50人（截止启动第二周）,300,119.271793,26.054464,
176,泉州飓风极限飞盘,混合/公开,2019.9,小红书：泉州飓风极限飞盘，微信13559549798,福建,泉州市,福建省泉州市,是,飘老师，厦门白鹭队，盘龄5年,,,118.675724,24.874452,
177,福州飞次方飞盘运动社群,混合/公开,2022,小红书:飞次方飞盘运动社群,福建,福州市,乌卡空中足球场（茶亭地铁站，居然之家6楼）,否,,200人,50,119.30564,26.06812,
178,福州飞次方飞盘运动社群,混合/公开,2022,小红书:飞次方飞盘运动社群,福建,福州市,南江滨沙滩排球场旁的足球场,否,,200人,50,119.356931,26.038868,
179,福州flame,混合/公开,2014,公众号：福州极限飞盘 FlameUltimate,福建,福州市,仓山区沙滩公园,是,革命,50人正式队员,200,119.230858,26.079922,
180,厦门灰啊灰飞盘俱乐部,混合/公开,2022.2,微信号：amoyflyaway 小红书：厦门灰啊灰飞盘俱乐部,福建,厦门市,诺斯蒂体育公园/厦门市湖里区云顶北路1158号,否,,单场封顶40人（群成员700人）,48,118.158646,24.520014,
181,沙茶面飞盘,混合/公开,2021.12,联系人微信号：AomySport2020 小红书：AmoySport,福建,厦门市,五缘湾运动馆,否,,700人,48,118.187206,24.526497,
182,沙茶面飞盘,混合/公开,2021.12,联系人微信号：AomySport2020 小红书：AmoySport,福建,厦门市,地丰体育中心,否,,700人,48,118.106457,24.461994,
183,沙茶面飞盘,混合/公开,2021.12,联系人微信号：AomySport2020 小红书：AmoySport,福建,厦门市,翌飞准者运动公园,否,,700人,48,118.188232,24.499212,
184,厦门友好飞盘俱乐部,混合/公开,2022.2,13055516655,福建,厦门市,厦门市体育中心,否,,120人,AA,118.108245,24.486208,
185,厦门白鹭极限飞盘俱乐部,混合/公开,2011.8,公众号：厦门极限飞盘,福建,厦门市,厦门市同安区官浔溪体育公园,是,Deng、吴晓歪等，盘龄8-9年，一直在白鹭,会员100人，非会员共计约600人,会费300元/年，会员参加活动免费；非会员20元/次。,118.157475,24.638881,
186,杰哥飞盘,混合/公开,2022.3,电话微信同号:18906019446,福建,厦门市,厦门市牛头山足球场,是,庄晋杰，白鹭队，15年。李小鹏，白鹭队/CUG，10年。竺俊祺，白鹭队，10年。振辉，集大队，5年。康康，白鹭队，4年,586人,散客59,118.08316,24.493519,
187,华东交大理工学院飞盘协会,学校队伍,,无,江西,南昌市,华东交大理工学院,是,,,,115.8266642,28.70856631,也是CUUA有但没找到相关信息。
188,南昌 NCU 飞盘队,学校队伍,,微信号：gh_7f1fb1652eb1,江西,南昌市,南昌大学,是,,,,115.9372504,28.68353839,无
189,南昌师范学院飞盘协会,学校队伍,,南昌极限飞盘 南昌师范飞盘,江西,南昌市,南昌师范学院,是,,,,115.8995986,28.63887033,无
190,江西禾远DISC TOP飞盘俱乐部,混合/公开,2020,公众号：禾远飞盘   /   小红书：禾远飞盘   /   俱乐部联系电话和微信：18870859996,江西,南昌市,东湖足球公园/南昌市青山湖区湖滨西路,否,,100人,50元,115.931283,28.700814,
191,山东体育大学飞盘协会,学校队伍,,无,山东,济南市,山东体育大学,是,,,,119.5312122,35.43631919,找到一个山东省飞盘运动协会，微信号：SD-SFDA
192,山东建筑大学飞盘协会,学校队伍,,无,山东,济南市,山东建筑大学,是,,,,117.0380841,36.66473309,无
193,北京电影学院现代创意媒体学院极限飞盘社,学校队伍,,微信号：gh_53899a48ed63,山东,青岛市,北京电影学院现代创意媒体学院,是,,,,120.261115,35.972716,无
194,山东政法 JN SPRING 飞盘队,学校队伍,,公众号：济南极限飞盘SpringUltimateClub小红书：济南极限飞盘SpringClub俱乐部联系人微信号：JNSpringUltimateClub,山东,济南市,山东政法学院,是,,,,117.0548477,36.65451709,无
195,单县第五中学King飞盘俱乐部,学校队伍,,公众号：King极限飞盘/小红书：2683547411/俱乐部微信：zfx1158672464,山东,菏泽市,单县第五中学北,是,,,,116.0628553,34.76066556,无
196,青岛猎鲨飞盘俱乐部,混合/公开,2021.11,俱乐部联系人微信：1812514829（4月中旬会有公众号）,山东,青岛市,青岛市李沧区九水东路599号体育场,否,,35人,,120.48661,36.169746,
197,郑州升昇達极限飞盘队,学校队伍,,微信号：SDUltimate666,河南,郑州市,郑州升达经贸管理学院,是,,,,113.6880222,34.59313162,无
198,西亚斯黄帝极限飞盘社,学校队伍,,微信号:黄帝极限飞盘社,河南,郑州市,郑州西亚斯学院,是,,,,113.7644231,34.39620174,无
199,郑州轻工业大学易斯顿美术学院极限飞盘协会,学校队伍,,微信号：gh_d1cc6ffee388,河南,郑州市,郑州轻工业大学易斯顿美术学院,是,,,,113.962995,34.7214544,无
200,郑州胡辣汤飞盘,混合/公开,2021.6,公众号：胡辣汤Ultimate Frisbee/小红书：郑州胡辣汤飞盘/俱乐部联系人微信号：OMGLeeXX,河南,郑州市,郑州市郑东新区市民体育公园,否,,,,113.764743,34.758389,
201,河南象豫飞盘,混合/公开,2021.11,俱乐部联系人微信号：13223086926,河南,郑州市,郑州市民体育场,否,,30,未收费,113.763059,34.757712,
202,小跑飞盘,混合/公开,2022.1,微信视频号：郑在小跑 / 小红书：郑在小跑 / B站：郑在小跑 / 俱乐部联系人微信号：18637119959,河南,郑州市,郑州市郑东新区郑州之林,否,,20人,,113.715345,34.774692,
203,湖北师范大学飞盘协会,学校队伍,,QQ群：713431187,湖北,黄石市,湖北师范大学,是,,,,115.0639756,30.23107536,无
204,中国地质大学（武汉）极限飞盘协会,学校队伍,,微信号：cugfeipan,湖北,武汉市,中国地质大学（武汉）,是,,,,114.3931422,30.52322744,无
205,中南财经政法大学 airwoo 极限飞盘社,学校队伍,,无,湖北,武汉市,中南财经政法大学,是,,,,114.3945618,30.47521093,没找到公众号，但是有微博账号 “武汉中南财经政法大学飞盘协会”
206,湖北工业大学极限拓展社,学校队伍,,无,湖北,武汉市,湖北工业大学,是,,,,114.3107776,30.48189967,没找到。
207,华科 firefly 飞盘队,学校队伍,,无,湖北,武汉市,华中科技大学,是,,,,114.4205545,30.51315217,归属学生会
208,武汉大学极限飞盘协会,学校队伍,,无,湖北,武汉市,武汉大学,是,,,,114.3568408,30.54611144,无公众号。
209,武汉理工大学 Air Lee 飞盘队,学校队伍,,无,湖北,武汉市,武汉理工大学,是,,,,114.3424844,30.59873066,无
210,华中师范大学极限飞盘协会,学校队伍,,小鸿 | 微信号：zhanhong-CCNU,湖北,武汉市,华中师范大学,是,,,,114.358257,30.52248711,无
211,WHBC Ultimate,学校队伍,,公众号：WHBC Ultimate,湖北,武汉市,武汉英中高级中学,是,,,,114.2181976,30.59588084,无
212,武汉女子CUGaea,女子队伍,2016.6（2019.11重建）,公众号：地大飞盘 小红书：CUG Ultimate,湖北,武汉市,地大操场,否,,10人左右,,114.3931422,30.52322744,
213,蜂潮飞盘俱乐部,混合/公开,2022,俱乐部联系人vx：7051044,湖北,武汉市,武汉市万隆足球场,否,,,,114.392001,30.51607,
214,武汉420UP飞盘俱乐部,混合/公开,2021.11,小红书：武汉420UP飞盘俱乐部 / 俱乐部联系人微信：Ewig66,湖北,武汉市,江汉湾全民健身中心,否,,1500,80/人,114.200876,30.584722,
215,武汉 LakeUltimate,混合/公开,2022.3,小红书：武汉LakeUltimate飞盘,湖北,武汉市,光谷阿尔法创意园,否,,300,30-50,114.423516,30.480468,
216,武汉风鹤飞盘俱乐部,混合/公开,2021.11,小红书：武汉风鹤飞盘/风鹤飞盘俱乐部 俱乐部微信客服：WHCRane2021,湖北,武汉市,妙羽足球乐园,否,,2500人左右,60-80,114.24662,30.607925,
217,武汉风鹤飞盘俱乐部,混合/公开,2021.11,小红书：武汉风鹤飞盘/风鹤飞盘俱乐部 俱乐部微信客服：WHCRane2021,湖北,武汉市,塔子湖体育中心,否,,2500人左右,60-80,114.286626,30.643631,
218,武汉风鹤飞盘俱乐部,混合/公开,2021.11,小红书：武汉风鹤飞盘/风鹤飞盘俱乐部 俱乐部微信客服：WHCRane2021,湖北,武汉市,汉为体育徐东销品茂,否,,2500人左右,60-80,114.343803,30.587749,
219,武汉超光速smoc,混合/公开,2021.1,小红书:超光速SMOC武汉 /vx:nolanso1019,湖北,武汉市,汉为足球公园徐东销品茂店,是,胖子:lazy GDY 盘龄10年/minai 攒劲飞盘 lazy 盘龄10年+,社群3000人+,80单人票/2h,114.342237,30.587407,
220,湖南 Huda 飞盘队,学校队伍,,公众号：Huda飞盘 联系人微信：sz1909107335,湖南,长沙市,湖南大学,是,,,,112.9261947,28.20167955,无
221,中南大学极限飞盘协会,学校队伍,,微信号：CSUfrisbee,湖南,长沙市,中南大学,是,,,,112.9324564,28.16457807,无
222,湖南第一师范学院极限飞盘协会,学校队伍,,无,湖南,长沙市,湖南第一师范学院,是,,,,112.8694917,28.19979623,无公众号。
223,中南林业科技大学极限飞盘协会,学校队伍,,无,湖南,长沙市,中南林业科技大学,是,,,,112.9904408,28.13201336,无公众号。
224,湖南农业大学枭龙飞盘队,学校队伍,,公众号：湖南农业大学枭龙飞盘协会小红书：枭龙飞盘俱乐部联系人：dbdb227,湖南,长沙市,湖南农业大学,是,,,,113.0848709,28.18095753,无
225,长沙民政学院极限飞盘协会,学校队伍,,无,湖南,长沙市,长沙民政学院,是,,,,113.0169027,28.13729858,无公众号。
226,1970,学校队伍,,联系人微信号yfanc_22 bella_5xb,湖南,长沙市,湖南大学/中南大学,是,,,,112.9261947,28.20167955,无
227,聚星村·长沙,混合/公开,2018.4,微信搜索公众号：聚星村飞盘俱乐部,湖南,长沙市,中南大学体育场,是,主教练：杨星，盘龄13年，长沙最早一批玩盘人。,注册会员86人,注册费：89元（包含新手村专业指导，一件训练背心，一个训练飞盘）,112.933982,28.153332,
228,长沙湘北,混合/公开,2015,社群微信号：csxbfp,湖南,长沙市,长沙市内各区域均有覆盖,是,Reddick 盘龄14年 湘北队长/湘北社群主理人,1500,39.9元,112.938882,28.228304,
229,莞工极限飞盘队,学校队伍,,微信号：gh_14b3596c999d 微信号:denghahaha11,广东,东莞市,东莞理工学院,是,,,,113.8695388,22.90584087,无
230,广东岭南职业技术学院飞盘协会,学校队伍,,微信号：LingNanUltimate,广东,广州市,广东岭南职业技术学院,是,,,,113.417962,23.16799565,无
231,广东培正学院飞盘协会,学校队伍,,微信号：PZUltimate,广东,广州市,广东培正学院,是,,,,113.0846805,23.41219345,无
232,中山大学飞盘协会,学校队伍,,微信号：gh_bd1be3b60de1（公众号名称：中大飞盘）,广东,广州市,中山大学,是,,,,113.2987972,23.09660747,无
233,广州医科大学飞盘协会,学校队伍,,无,广东,广州市,广州医科大学,是,,,,113.4222312,23.04116698,无
234,广州大学 Alien 极限飞盘协会,学校队伍,,微信号：GZUfrisbee,广东,广州市,广州大学,是,,,,113.3760312,23.04000913,无
235,华南师范 SCNU 飞盘队,学校队伍,,微信号：SCNU_FRISBEE,广东,广州市,华南师范大学,是,,,,113.3803944,23.05244413,无
236,华南农业大学 AIR 极限飞盘协会,学校队伍,,公众号：华南农业大学air极限飞盘协会微信号：SCAU-AIR2014,广东,广州市,华南农业大学,是,,,,113.349253,23.16080416,无
237,中山大学南方学院飞盘协会,学校队伍,,无,广东,广州市,中山大学南方学院,是,,,,113.67404,23.63520202,没有队社，现在有几个老师开设课程。
238,广州体育学院飞盘协会,学校队伍,,微信号：GT-Storm,广东,广州市,广州体育学院,是,,,,113.3135277,23.14618804,无
239,广东外语外贸大学飞盘协会,学校队伍,,无,广东,广州市,广东外语外贸大学,是,,,,113.2865516,23.20295215,无
240,广州中医药大学飞盘协会,学校队伍,,无,广东,广州市,广州中医药大学,是,,,,113.4021975,23.06034503,无
241,华南理工 SCUT 极限飞盘队（五山校区）,学校队伍,,公众号：SCUT华工飞盘,广东,广州市,华南理工大学（五山校区）,是,,,,113.3458159,23.15736234,无
242,华南理工 SCUT 极限飞盘队（大学城校区）,学校队伍,,公众号：SCUT华工飞盘,广东,广州市,华南理工大学（大学城校区）,是,,,,113.4029051,23.04997833,无
243,广工UFO极限飞盘队,学校队伍,,微信号：GDUT_Ultimate,广东,广州市,广东工业大学,是,,,,113.3973122,23.03360108,无
244,南科大飞盘社,学校队伍,,微信号：gh_1d0be4e28392,广东,深圳市,南方科技大学,是,,,,113.9944655,22.60046197,无
245,深圳大学 FRISBEE 极限飞盘协会,学校队伍,,微信号: szufrisbee,广东,深圳市,深圳大学,是,,,,113.9381047,22.59933637,无
246,香港中文大学（深圳）极限飞盘社,学校队伍,,微信号：gh_853593e9d9e5 （公众号名称：LGU飞盘Ultimate）,广东,深圳市,香港中文大学（深圳）,是,,,,114.2079241,22.69097288,无
247,深圳职业技术学院飞盘协会,学校队伍,,无,广东,深圳市,深圳职业技术学院,是,,,,113.9462398,22.59133173,无
248,北师珠 Griffins 极限飞盘队,学校队伍,,微信号：BNUZ-Ultimate,广东,珠海市,北京师范大学珠海分校,是,,,,113.5435626,22.3508439,无
249,北师大香港浸会联合国际学院 UIC-7,学校队伍,,微信号：uic_frisbee,广东,珠海市,北师大香港浸会联合国际学院,是,,,,113.5393605,22.34701975,无
250,广白 FLASH 极限飞盘社,学校队伍,,无,广东,广州市,广东白云学院,是,,,,113.2126765,23.27206952,无
251,佛山千色灯湖青少年飞盘俱乐部,青训队伍,2019,公众号：千色灯湖,广东,佛山市,佛山市南海区三洲工业区新活力足球场,是,AC 盘龄2年,50个中小学生,150元左右/次,113.200447,23.050627,
252,广州如鹰飞盘俱乐部,青训队伍,2021.7,小红书：广州如鹰飞鹰飞盘 联系人微信：18188801060,广东,广州市,广州市番禺区南浦金枫河畔足球场,是,学铭 超过十年盘龄,,,113.285082,23.025708,
253,深圳飞鹰,青训队伍,2020.11,微信：15536129777 小红书：玩飞盘的·,广东,深圳市,大望足球场,是,小黑,u13,,114.171722,22.595676,
254,新赛道飞盘俱乐部,青训队伍,2020.9,俱乐部联系人微信号: f_123eNg,广东,东莞市,广东省东莞市东城体育公园,是,现在在新赛道飞盘队当主教练，曾经在深圳男子队、深圳乐奥队伍打比赛，盘龄6年。,u9 u13,,113.775011,23.005655,
255,深圳还可以女子队,女子队伍,2016,公众号：深圳女子飞盘/小红书：深圳还可以女子飞盘队/俱乐部联系人微信号：ppc12180807,广东,深圳市,深圳湾体育中心内场,是,由队长和各个有经验的选手轮流带训,女子社群有150人左右，女子队伍维持在30-40人左右,无（场地费均摊，有经验的选手均无偿教学,113.949998,22.518236,
256,广州 Mega Mad 女子飞盘,女子队伍,2016,公众号：GZ MEGA MAD id: megamadultimate,广东,广州市,南浦,是,教练AJ萧焯健、Mark陈冠弦均来自广工UFO飞盘，目前效力于GZ STORM(MIX)、GZ SuperStorm(OPEN),40-50人,500左右/赛季（根据场地费用上下浮动）,113.289127,23.041337,
257,广州 Mega Mad 女子飞盘,女子队伍,2016,公众号：GZ MEGA MAD id: megamadultimate,广东,广州市,木生缘,是,教练AJ萧焯健、Mark陈冠弦均来自广工UFO飞盘，目前效力于GZ STORM(MIX)、GZ SuperStorm(OPEN),40-50人,500左右/赛季（根据场地费用上下浮动）,113.346715,22.950079,
258,广州 Mega Mad 女子飞盘,女子队伍,2016,公众号：GZ MEGA MAD id: megamadultimate,广东,广州市,星驰,是,教练AJ萧焯健、Mark陈冠弦均来自广工UFO飞盘，目前效力于GZ STORM(MIX)、GZ SuperStorm(OPEN),40-50人,500左右/赛季（根据场地费用上下浮动）,113.591145,23.540839,
259,佛山千色灯湖青少年飞盘俱乐部,混合/公开,2019,公众号：千色灯湖,广东,佛山市,佛山市南海区三洲工业区新活力足球场,是,AC 盘龄2年,50个中小学生,150元左右/次,113.200447,23.050627,
260,广州如鹰飞盘俱乐部,混合/公开,2021.7,小红书：广州如鹰飞鹰飞盘 联系人微信：18188801060,广东,广州市,广州市番禺区南浦金枫河畔足球场,是,学铭 超过十年盘龄,,,113.285082,23.025708,
261,深圳飞鹰,混合/公开,2020.11,微信：15536129777 小红书：玩飞盘的·,广东,深圳市,大望足球场,是,小黑,u13,,114.171722,22.595676,
262,新赛道飞盘俱乐部,混合/公开,2020.9,俱乐部联系人微信号: f_123eNg,广东,东莞市,广东省东莞市东城体育公园,是,现在在新赛道飞盘队当主教练，曾经在深圳男子队、深圳乐奥队伍打比赛，盘龄6年。,u9 u13,,113.775011,23.005655,
263,Pioneer先行者,混合/公开,2022.1,俱乐部联系人微信号：king770338527,广东,深圳市,皇冠体育场 深圳市福田区车公庙十亩地内,是,黄琨 加州大学戴维斯分校校队 盘龄八年,23人,70/次,114.0198719,22.53933961,1
264,UIC-7,混合/公开,2010,公众号：UIC-7小红书：UIC-7 Ultimate Frisbee俱乐部联系人微信号：HersheyBee,广东,珠海市,珠海市香洲区会同体育公园,是,暂无,50,,113.51785,22.356392,2
265,乐奥飞盘夜行侠,混合/公开,2017,公众号：乐奥飞盘小红书：Cole飞盘世界俱乐部联系人微信号：youip78365,广东,深圳市,深圳湾体育场,是,陈冠廷 盘龄八年深圳男子队 义乌懒人Lazy队乐奥飞盘队,80,80,113.949998,22.518236,3
266,JW Free Frisbee Club,混合/公开,2022.1,小红书:JW Free Frisbee嘉伟飞盘,广东,深圳市,福田海滨生态体育公园/皇冠体育中心,是,嘉伟， cug，盘龄9年,,,114.020635,22.533019,4
267,鱼塘,混合/公开,2020,微信号：13005426907,广东,深圳市,宝安新安足球公园,否,,,50,113.903518,22.572066,
268,视界飞盘俱乐部,混合/公开,2021.11,公众号：视界飞盘/小红书：视界飞盘/俱乐部联系人微信：cxuehui,广东,广州市,广东省广州市番禺区金枫河畔足球公园,是,广州storm，盘龄9-10年,平时参加活动人数30人左右/场,64-68/人,113.285082,23.025708,
269,SMS国体飞盘俱乐部,混合/公开,2019,俱乐部联系人微信号：STEVENXIII,广东,深圳市,大沙河公园,否,,30-40人,无,113.961327,22.556822,
270,SMS国体飞盘俱乐部,混合/公开,2019,俱乐部联系人微信号：STEVENXIII,广东,深圳市,深圳中学泥岗校区运动场,否,,30-40人,无,114.092946,22.56562,
271,盘牛飞盘俱乐部,混合/公开,2021.11,微信号：18681464898,广东,深圳市,南山区科技园足球场,是,深圳zen 郭嘉荣 盘龄15年,300-400,80-100,113.94679,22.556374,
272,境悦体育,混合/公开,2019,俱乐部联系人：李亚男18102205492，微信同号,广东,广州市,广州市番禺区亚运城社区草坪,否,李亚男,15,,113.496839,22.945668,
273,香蕉俱乐部,混合/公开,2021.12,小红书：香蕉俱乐部,广东,广州市,番禺万博海印又一城南方起跑天空之城(广州地铁7/18号线A出口 680米）,否,,,,113.348979,22.999534,
274,广州荔枝飞盘俱乐部,混合/公开,2021.1,公众号：荔枝飞盘 LYCHEE CAMP小红书：荔枝飞盘Lychee Ultimate俱乐部联系人微信：511375881,广东,广州市,广州海珠区万胜围新港东路2352号拾号体育公园杨青店,是,BILL : .1. 2019国家飞盘男子队队员,社群1000人以上,78元/次,113.391981,23.096254,
275,广州荔枝飞盘俱乐部,混合/公开,2021.1,公众号：荔枝飞盘 LYCHEE CAMP小红书：荔枝飞盘Lychee Ultimate俱乐部联系人微信：511375881,广东,广州市,广州天河区海清路海定街1号猎德实验学校,是,BILL : .1. 2019国家飞盘男子队队员,社群1000人以上,78元/次,113.337457,23.115805,
276,广州荔枝飞盘俱乐部,混合/公开,2021.1,公众号：荔枝飞盘 LYCHEE CAMP小红书：荔枝飞盘Lychee Ultimate俱乐部联系人微信：511375881,广东,广州市,广州天河区林乐路桥林苑东侧未来社,是,BILL : .1. 2019国家飞盘男子队队员,社群1000人以上,78元/次,113.33098,23.143738,
277,STORM,混合/公开,2012,公众号：广州极限飞盘Ultimateid:gzultimate,广东,广州市,广州南浦,是,,40-50人,,113.289127,23.041337,
278,珠海bubble飞盘,混合/公开,2022.3,小红书：珠海bubble飞盘/俱乐部联系人微信号：Ar1anaMinaj,广东,珠海市,广东省珠海市高新区前岛环路前环文体公园,是,刘万世，北师珠飞盘创立者之一，2014年开始打盘，北师Griffins/广州storm/广州thunder都去过,700人组织/每次活动40+人,40/free,113.601001,22.362564,2
279,深圳 Zen,混合/公开,2016,微信：Shenzhen Zen飞盘分享,广东,深圳市,深圳湾体育中心,是,"Hello! The Shenzhen Zen are Shenzhen's top mixed Ultimate team. We have played together for more than 5 years and recently have won the 2021 Guangzhou Lingnan and 2021 Shenzhen Opens. We are always keen to add new talent to our tournament and practice squads, so if you're a high level player coming to Shenzhen and looking for top level play, talk to James or Gene!",,,113.949998,22.518236,1
280,广州空中飞盘俱乐部,混合/公开,2022.3,小红书：空中飞盘 联系人微信号：zhangyzll,广东,广州市,天河区前进街道东圃上盖公园足球场,否,,300人左右,0-60,113.406056,23.113099,
281,深圳吃饼CLUB,混合/公开,2021.8,小红书：深圳飞盘-吃饼CLUB 微信：15986807997,广东,深圳市,深圳市深圳北站中心公园足球场,否,,1200人,50-80元/人,114.075597,22.546347,
282,盘牛飞盘俱乐部,混合/公开,2021.12,微信号：15019242246,广东,深圳市,深圳湾体育中心内场,是,郭嘉俊：现役深圳Zen 盘龄：15年 郭嘉荣：现役深圳Zen 盘龄：15年,200,80-100,113.949998,22.518236,
283,aslash好动俱乐部,混合/公开,2022.1,小红书:aslash好动俱乐部 官方微信:aslashcs,广东,佛山市,顺德区德胜文化广场足球场,否,,900人,25-35元每人每次活动,113.293475,22.800326,
284,深圳IEG飞盘俱乐部 (腾讯),混合/公开,2022.4,微信号：67998001,广东,深圳市,深圳湾体育中心,否,,200,50,113.949998,22.518236,
285,Shenzhen Ultimate Players Association(S.Z.U.P.A.),混合/公开,2008,Add SZultimate on Wechat,广东,深圳市,"Nanshan, Futian, Shekou",是,Coach James Coach Jeff Coach Rachel Coach Amga Coach Andres Coach Wang Lu Coach Django,,,114.057939,22.543527,
286,新赛道飞盘俱乐部,混合/公开,2020.9,俱乐部联系人微信号: f_123eNg,广东,东莞市,广东省东莞市东城体育公园,是,现在在新赛道飞盘队当主教练，曾经在深圳男子队、深圳乐奥队伍打比赛，盘龄6年。,30-40人，两支队伍，新赛道AB队,50-80,113.775011,23.005655,
287,日落飞盘SUNSET CLUB,混合/公开,2021.12,微信号：SUNSETCLUB1210,广东,深圳市,深圳市福田区海滨生态体育公园,否,,微信群500人,50,114.012473,22.529292,
288,鸽队,混合/公开,2019,微信号：894852800,广东,深圳市,深圳湾体育中心,是,深圳zen几个主力选手,15人,,113.949998,22.518236,
289,乐奥飞盘夜行侠,混合/公开,2017,陈冠廷 Cole：13509637424,广东,深圳市,深圳湾体育场,是,陈冠廷 / 各地 / 8年,2000,80-200,113.949998,22.518236,
290,GTX（Guangzhou Training eXtreme）,混合/公开,2021,小红书：605372633,广东,广州市,广州市海珠区会展公园足球场,否,,1500-2000人,30-50元,113.355037,23.103013,
291,深圳HammerFrisbee,混合/公开,2021.12,小红书：深圳Hammer-Frisbee,广东,深圳市,深圳湾体育场,否,,1200,,113.949998,22.518236,
292,東莞黑虎幫飛盤俱樂部,混合/公开,2021,公眾號：千里行戶外 小紅書：东莞千里行飞盘-宏文,广东,东莞市,東莞南城索伏德足球世界,否,,,,113.75285,23.02485,2
293,HUCK飞盘,混合/公开,2022,小红书：HUCK飞盘,广东,深圳市,深圳湾体育中心,否,,4000,80,113.949998,22.518236,1
294,菠萝盘友PAPS,混合/公开,2022.2,联系人微信：xiongmao_111 小红书：667781978,广东,广州市,地铁21号线，天河智慧城/苏元,是,10年开始玩飞盘，UIC、珠海飞盘队第一批成员，PAPS创办者、飞盘推广者,200,48,113.403184,23.163275,
295,汕头离奇飞盘俱乐部,混合/公开,2019,小红书:PangooFrisbee 微信号:PangooFrisbee,广东,汕头市,柏嘉运动公园足球场,是,袁梓博 盘龄8年 现汕头离奇飞盘俱乐部总教练; 曾任厦门白鹭极限飞盘队队长; 2021温州公开赛冠军;2020厦门沙滩分组赛季军及MVP;2019福建公开赛亚军及MVP,目前约750人,目前日常活动38元／人次，部分特殊活动费用则以当次活动公布为准,116.76164,23.349612,
296,广西科技大学极限飞盘协会,学校队伍,,无,广西,柳州市,广西科技大学,是,,,,109.4365714,24.33619038,无
297,广西科技大学鹿山学院飞盘协会,学校队伍,,无,广西,柳州市,广西科技大学鹿山学院,是,,,,109.5297344,24.36841695,无
298,广西民族大学飞盘协会,学校队伍,,无,广西,南宁市,广西民族大学,是,,,,108.1929971,22.8391017,无
299,螺蛳粉飞盘Lots of Fun Frisbee,混合/公开,2022.1,联系人电话号（微信）：13397728080,广西,柳州市,柳州市体育中心3+1球场,否,,50,无,109.435982,24.344663,
300,好嘢飞盘,混合/公开,2022.1,小红书：好嘢飞盘/微信号：hoooooyeah/俱乐部联系人微信号：liaoshizhu,广西,南宁市,广西壮族自治区南宁市青秀区琅西桂淞足球场,是,小竹：9年 UFO、fling、北京帮、北京大哥、北方、湘北,260,50,108.362891,22.801263,
301,南宁宇宙飞盘Universe,混合/公开,2022.2,小红书：宇宙飞盘Universe 微信号：Ddddarkly,广西,南宁市,广西壮族自治区南宁市青秀区长堽路蛋壳体育公园,否,,1000人,人均25,108.360444,22.837816,
302,南宁 Nice飞盘,混合/公开,2022.3,小红书：南宁Nice飞盘/社群小客服微信号：Nice_Frisbe,广西,南宁市,广西南宁市江南区凌铁大桥福建园球场,否,,,,108.320649,22.796744,
303,麻直飞盘,混合/公开,2022.3,小红书：麻直飞盘 联系人微信号：Janice5327,广西,桂林市,马艺城五人制足球场,否,,,,110.32111,25.269983,
304,麻直飞盘,混合/公开,2022.3,小红书：麻直飞盘 联系人微信号：Janice5327,广西,桂林市,广西师范大学雁山校区,否,,,,110.287984,25.094632,
305,海口北极熊,混合/公开,2014,俱乐部联系人微信号：17889981935,海南,海口市,美兰区万绿园,否,,,,110.313766,20.033727,
306,海口JiBua飞盘俱乐部,混合/公开,2022.3,微信号：HKJiBuaClub,海南,海口市,世纪公园足球场,是,宁波UFO 5年盘龄,700人+,,110.318718,20.042093,
307,海口跃悦飞盘俱乐部,混合/公开,2021,微信号：15808904379,海南,海口市,万绿园,否,,,,110.313766,20.033727,
308,重庆师范大学涉外商贸学院飞盘协会,学校队伍,,微信号：gh_82f25ba0105c,重庆,重庆市,重庆师范大学涉外商贸学院,是,,,,106.0718518,29.85440578,无
309,重庆第二师范学院飞盘协会,学校队伍,,微信号：gh_18a7714dc79f,重庆,重庆市,重庆第二师范学院,是,,,,106.5759801,29.51175371,无
310,重庆 CQUF 飞盘大队,学校队伍,,微信号：chongdafrisbee,重庆,重庆市,重庆大学,是,,,,106.468097,29.5650013,无
311,重庆交通职业学院飞盘协会,学校队伍,,无,重庆,重庆市,重庆交通职业学院,是,,,,106.286268,29.40557,无
312,重庆枫叶Chargers,学校队伍,,队伍队长微信号：w17623004602,重庆,重庆市,重庆枫叶国际学校,是,,,,105.9458418,29.34961891,无
313,西南交通大学极限飞盘协会,学校队伍,,公众号从属学校,四川,成都市,西南交通大学,是,,,,103.984351,30.76726124,无
314,电子科技大学飞盘协会,学校队伍,,公众号从属学校,四川,成都市,电子科技大学,是,,,,104.102134,30.66262471,无
315,四川大学影袭飞盘队,学校队伍,,公众号从属学校,四川,成都市,四川大学,是,,,,104.0715888,30.66572971,无
316,中飞院极限飞盘社,学校队伍,,微信号：ZFYJXFP,四川,德阳市,中国民用航空飞行学院,是,,,,104.3078226,30.95207504,无
317,辣骄飞盘,混合/公开,2022.1,辣骄飞盘/小红书/ 联系人：15196364575,四川,成都市,成都市西村皇家贝里斯足球场,是,Ruby 宁波UFO/ 成都飞盘大 6年盘龄,1000人,50,104.003734,30.67103,
318,辣骄飞盘,混合/公开,2022.1,辣骄飞盘/小红书/ 联系人：15196364575,四川,成都市,成都市中锦驿动足球场,是,Ruby 宁波UFO/ 成都飞盘大 6年盘龄,1000人,50,104.115109,30.621135,
319,辣骄飞盘,混合/公开,2022.1,辣骄飞盘/小红书/ 联系人：15196364575,四川,成都市,成都市凯德广场球场,是,Ruby 宁波UFO/ 成都飞盘大 6年盘龄,1000人,50,104.062914,30.601678,
320,成都麻将飞盘,混合/公开,2021.11,小红书：成都麻将飞盘  负责人微信：tanjie326,四川,成都市,成都市锦江区晨辉足球公园,是,,50人,40-50人,104.114107,30.606809,
321,成都超光速俱乐部,混合/公开,2021.9,微信：smoccd 小红书：超光速smoc成都,四川,成都市,成都双桥子足球公园,否,,,,104.110565,30.641581,
322,成都超光速俱乐部,混合/公开,2021.9,微信：smoccd 小红书：超光速smoc成都,四川,成都市,成都c7城市中心室内足球场,否,,,,104.086864,30.590012,
323,成都飞盘大队Feipanda,混合/公开,2010,公众号:成都飞盘大队/小红书: Feipanda成都飞盘大队/俱乐部联系人微信号: zhaochen9606,四川,成都市,全成都,是,赵宸（飞机） 9年盘龄 飞盘大队出生，大哥长大，到处浪,队伍成员60，俱乐部成员2500,训练20/次，活动68~180不等,104.066301,30.572961,
324,贵阳攒劲飞盘,混合/公开,2016,公众号：攒劲飞盘 / 小红书：贵阳攒劲飞盘 / 联系人微信号：vincent_808,贵州,贵阳市,贵阳市双龙生态体育中心,是,黄添（合体），之前在武汉CUG，盘龄10年,常规训练20～30人左右,0,106.771738,26.531685,
325,大理大学飞盘协会,学校队伍,,公众号从属学生会,云南,大理市,大理大学,是,,,,100.1542053,25.67335905,无
326,山人飞盘,混合/公开,2014,公众号：山人飞盘 KM Ultimate / 小红书： 山人飞盘 KM Ultimate,云南,昆明市,昆船体育馆 / 昆明市官渡区昆船工业区南门,是,教练1： 韦标      武汉CUG  盘龄  8年教练2: Michael   美国        盘龄  15年教练3:  paul      昆明山人   盘龄  14年,主力队员20人 ，新人持续招募中,40元 / 人次 / 每周六下午 13-16点,102.799634,24.992553,
327,飞盘园游会,混合/公开,2021.8,公众号：飞盘园游会 /小红书：飞盘园游会俱乐部联系人微信号YjayChow,云南,昆明市,云南省昆明市西山区春雨937云南省昆明市西山区小矮人足球场,是,周周-盘龄4年月亮-盘龄3年阿肖-盘龄3年,微信群460,pick-up 50/人,102.684178,25.031949,
328,飞盘园游会,混合/公开,2021.8,公众号：飞盘园游会 /小红书：飞盘园游会俱乐部联系人微信号YjayChow,云南,昆明市,云南省昆明市西山区红塔训练基地云南省昆明市西山区春雨937云南省昆明市西山区小矮人足球场,是,周周-盘龄4年月亮-盘龄3年阿肖-盘龄3年,微信群460,pick-up 50/人,102.6307384,24.971866,
329,昆明超星系飞盘俱乐部,混合/公开,2021.9,小红书：超星系飞盘俱乐部 微信号：HHCCeline,云南,昆明市,维予体育足球场,是,以前在上海之翼 沪蛙联赛 复旦飞盘社 黑猫飞盘 打过 09年通过刘伟接触飞盘 12年参加训练 打比赛 至今,社群有1700人,45,102.738939,24.988072,
330,昆明超星系飞盘俱乐部,混合/公开,2021.9,小红书：超星系飞盘俱乐部 微信号：HHCCeline,云南,昆明市,科化星空足球场,是,以前在上海之翼 沪蛙联赛 复旦飞盘社 黑猫飞盘 打过 09年通过刘伟接触飞盘 12年参加训练 打比赛 至今,社群有1700人,45,102.661926,25.122008,
331,昆明超星系飞盘俱乐部,混合/公开,2021.9,小红书：超星系飞盘俱乐部 微信号：HHCCeline,云南,昆明市,跃马足球场,是,以前在上海之翼 沪蛙联赛 复旦飞盘社 黑猫飞盘 打过 09年通过刘伟接触飞盘 12年参加训练 打比赛 至今,社群有1700人,45,102.694224,25.081016,
332,西藏农牧学院飞盘协会,学校队伍,,联系人：洪思征老师 | 微信号：wxid_b6gffylafqzt11,西藏,林芝市,西藏农牧学院,是,,,,94.34056698,29.6692409,无
333,西安外事学院 pioneer 飞盘社,学校队伍,,公众号从属学校,陕西,西安市,西安外事学院,是,,,,108.8637328,34.23209026,无
334,西安欧亚学院极限飞盘协会,学校队伍,,公众号从属学校,陕西,西安市,西安欧亚学院,是,,,,108.9173268,34.17826443,无
335,西京学院极限飞盘协会,学校队伍,,公众号从属学校,陕西,西安市,西京学院,是,,,,108.9244297,34.13447509,无
336,西安文理学院极限飞盘协会,学校队伍,,微信号：gh_cb7b73ae05a0,陕西,西安市,西安文理学院,是,,,,108.9014576,34.21735758,无
337,西安石油大学羊蝎子飞盘队,学校队伍,,公众号归属学校,陕西,西安市,西安石油大学,是,,,,108.9253707,34.20050184,无
338,西安体育大学极限飞盘协会,学校队伍,,微信号：XT-Ultimate,陕西,西安市,西安体育大学,是,,,,108.9388103,34.23642386,无
339,西安交通大学极限飞盘协会,学校队伍,,微信号: XJTU_Frisbee,陕西,西安市,西安交通大学,是,,,,108.9832638,34.25286041,无
340,陕西科技大学镐京学院极限飞盘协会,学校队伍,,公众号归属学校,陕西,西安市,陕西科技大学镐京学院,是,,,,108.7200536,34.3048353,无
341,西北政法大学极限飞盘协会,学校队伍,,公众号归属学校,陕西,西安市,西北政法大学,是,,,,108.9112808,34.15595895,无
342,西安翻译学院极限飞盘协会,学校队伍,,公众号归属学校,陕西,西安市,西安翻译学院,是,,,,109.0141006,34.0222609,无
343,西安电子科技大学 UXDC 飞盘社,学校队伍,,无,陕西,西安市,西安电子科技大学,是,,,,108.8403988,34.12479925,无
344,西藏民族大学极限飞盘协会,学校队伍,,公众号从属学校,陕西,咸阳市,西藏民族大学,是,,,,108.7280454,34.35108854,无
345,秦岭脚下极限飞盘俱乐部,混合/公开,2021,俱乐部联系人微信号HHZ426987464,陕西,宝鸡市,团结运动公园,否,,20人,无,107.217013,34.356877,
346,西安肉夹馍,混合/公开,2012,公众号：西安极限飞盘/小红书：西安肉夹馍极限飞盘俱乐部/俱乐部联系人微信号：wenzi40000,陕西,西安市,西安交通大学足球场,是,教练代表国家参加过2019年AOUGC,,,108.985221,34.242904,
347,宝鸡0917极限飞盘,混合/公开,2022.4,微信号：sknewbtt 小红书 宝鸡0917极限飞盘,陕西,宝鸡市,宝鸡渭河生态公园足球场（蟠龙桥下）,是,西安肉夹馍飞盘队，盘龄7年,50,,109.50926,34.53246,
348,兰州大学 LZU 飞盘队,学校队伍,,无,甘肃,兰州市,兰州大学,是,,,,103.8584314,36.04892491,无
349,兰州工业学院飞盘运动协会,学校队伍,,无,甘肃,兰州市,兰州工业学院,是,,,,103.746587,36.052472,无
350,兰州小行星俱乐部,混合/公开,2022.1,俱乐部联系人微信号：inan-mede,甘肃,兰州市,碧桂园体育场,否,,40人,无,118.0665556,36.106285,
351,银川科技逸达飞盘队,学校队伍,,公众号：逸达飞盘,宁夏,银川市,宁夏银川市银川科技学院,是,,,,106.1527086,38.51280809,无
352,宁大飞盘队,学校队伍,,联系人微信号：mzqthu,宁夏,银川市,宁夏大学,是,,,,106.143847,38.502781,无
353,宁夏飞盘帮,混合/公开,2022.3,小红书：飞盘帮。公众号：飞盘帮。微信号：mzqthu或者fuji6kuai,宁夏,银川市,宁夏银川金凤区森林公园,是,马自强 曾在北京飞盘。刘治华，银川科技学院体育教师,,100,106.206688,38.480589,
354,伊犁师范学院极限飞盘协会,学校队伍,,公众号从属学校,新疆,伊犁哈萨克自治州市,伊犁师范学院,是,,,,84.87908583,44.42661858,无
355,新疆飞盘队,混合/公开,2014.6,微信号：b_990706,新疆,乌鲁木齐市新市,新疆乌鲁木齐市新市区新医路新疆医科大学,是,小然 新疆昭苏县天马飞盘队 8年,15,,87.579571,43.836944,
356,新疆昭苏县天马飞盘队,混合/公开,2012,微信号：xiateke8798,新疆,伊犁州,新疆伊犁州昭苏县体育场,是,夏提克,15,,81.134382,43.151804,
357,哈萨克斯坦almaty飞盘运动协会,混合/公开,2017.1,公众号：哈萨克斯坦UFU极限飞盘 协会会长微信号：baurjan-,海外,海外,哈萨克斯坦阿拉木图市阿里-法拉比大学足球场,是,2013开始玩飞盘，2021年开始在阿联酋迪拜加入飞盘队，目前在迪拜飞盘队训练,前后100多人,场地大学赞助，出赛有赞助商，所以我们目前没有出过更多的费用，,76.92627056,43.22928269,
358,狮城飞盘LionFly,混合/公开,2022.2,联系人：吉尔伯特 陈小红书：狮城飞盘 吉尔伯特 陈微信：Holtville,海外,海外,新加坡国立大学Utown草坪，西海岸公园沙滩排球场,是,荆轲，成都飞盘大队，4.5年,活跃20人（2022年2月数据）,无，免费教学（2022年2月数据）,103.772825,1.306362834,
359,桃罐头,混合/公开,2019.5,俱乐部联系人微信号：Moe00Mo,海外,海外,,是,,30人左右,无,-98.55738262,38.93608237,
360,伦敦飞盘,混合/公开,2022,（暂时）微信号：miao_42,海外,海外,摄政公园,是,伦敦各个大学校队成员,活跃 30 人所有,无，免费教学,-0.148424601,51.5306345,
361,3302Girls,女子队伍,2022.4,微信号：15110279862,浙江,宁波市,宁波江北洛克运动公园（槐树路店）,是,刘若歌，UFO，盘龄5年,常活跃人数：40-50，群聊100人,80/次,121.549501,29.887224,
362,翼黑鴁飞盘社,混合/公开,2022.1,小红书：Appi·大师兄⁶⁶⁶ / 俱乐部联系人微信号：Appi3210,广西,南宁市,南宁市柳沙体育公园五人制足球场,否,,1000,26,108.392705,22.762403,
362,翼黑鴁飞盘社,混合/公开,2022.1,小红书：Appi·大师兄⁶⁶⁶ / 俱乐部联系人微信号：Appi3211,广西,南宁市,广西体育中心足球训练场,,,1000,26,108.391482,22.761768,
363,山东青年政治学院飞盘队,学校队伍,2021.5,小红书：1435444625 俱乐部联系人微信号：15666062521,山东,济南市,山青围子山体育公园足球场,是,刘珂瑜：14届金犀牛飞盘赛 飞盘城市联赛济南站山青队 山东省全民健身运动会山青队等 盘龄：1.5年,25,自费,117.245677,36.682794,
364,青岛Goldenpnitch飞盘俱乐部,混合/公开,2021.8,青岛极限飞盘/小红书：青岛GoldenSnitch飞盘社/联系人微信号：gongxifacai9789,山东,青岛市,青岛市崂山区上实中心球场,是,浩远教练，盘龄八年，现大学体院副教授,3050会员,50元,120.46539,36.096229,
365,济南 spring club,混合/公开,2021.12,小红书：济南 spring club 公众号：济南极限飞盘spring ultimate club,山东,济南市,山东政法学院足球场,是,11 大艺凤凰 盘领 6年 咕咕 大艺凤凰 盘领5年 金子 河北医科大学医路飞 盘领2年 leo 成都 盘领10年,1000人,目前50,116.249639,40.223891,
366,济南 spring club,混合/公开,2021.12,小红书：济南 spring club 公众号：济南极限飞盘spring ultimate club,山东,济南市,济南历姚足球俱乐部,是,11 大艺凤凰 盘领 6年 咕咕 大艺凤凰 盘领5年 金子 河北医科大学医路飞 盘领2年 leo 成都 盘领10年,1000人,目前50,117.067231,36.630379,
367,济南 spring club,混合/公开,2021.12,小红书：济南 spring club 公众号：济南极限飞盘spring ultimate club,山东,济南市,jiji,是,11 大艺凤凰 盘领 6年 咕咕 大艺凤凰 盘领5年 金子 河北医科大学医路飞 盘领2年 leo 成都 盘领10年,1000人,目前50,117.129824,36.657706,
368,成都大学Forange飞盘协会,学校队伍,,无,四川,成都市,成都大学,是,,,,104.18652,30.651696,
369,常州 up&up,混合/公开,2022.5,小红书（常州飞盘），微信（13912334840）,江苏,常州市,运河路为华青训足球场,是,辉叔，打过的队伍太多记不清了，盘龄10年,100人,30元,119.978819,31.852598,
370,常州 up&up,混合/公开,2022.5,小红书（常州飞盘），微信（13912334840）,江苏,常州市,新北洛克公园足球场,是,辉叔，打过的队伍太多记不清了，盘龄10年,100人,30元,119.951693,31.822253,,,
371,常州 up&up,混合/公开,2022.5,小红书（常州飞盘），微信（13912334840）,江苏,常州市,新北三江口足球场,是,辉叔，打过的队伍太多记不清了，盘龄10年,100人,30元,119.969702,31.848237,,,
372,北京闪动极限飞盘俱乐部,混合/公开,2022.3,小红书闪动体育官方号 微信小程序闪动体育 俱乐部联系人rc20092012,北京,北京市,奥森北园足球场,否,,1000人,99/人/次,116.407997,40.030976,,,
373,北京闪动极限飞盘俱乐部,混合/公开,2022.3,小红书闪动体育官方号 微信小程序闪动体育 俱乐部联系人rc20092012,北京,北京市,望京体育园,否,,1000人,99/人/次,116.468202,40.002107,,,
374,安徽奇盘社,混合/公开,2021.10,小红书：641510256，微信号：love_bracy,安徽,合肥市,安徽李宁体育公园,否,CC，安徽工程大学队长兼教练，盘龄有7年,社团人数900人，队伍去20人（未参加过大型比赛）,50元,117.263232,31.754579,,,
375,安徽奇盘社,混合/公开,2021.10,小红书：641510256，微信号：love_bracy,安徽,合肥市,安徽星际足球运动学校,否,CC，安徽工程大学队长兼教练，盘龄有7年,社团人数900人，队伍去20人（未参加过大型比赛）,50元,117.241192,31.854675,,,
376,PLAYER WORLD,混合/公开,2022.1,小红书: PLAYER社群 主理人wx：O-UUUU,上海,上海市,上海黄埔区外马路1353号乐动足球场,是,Pan,3000,80-120,121.501499,31.205116,,,
377,PLAYER WORLD,混合/公开,2022.1,小红书: PLAYER社群 主理人wx：O-UUUU,上海,上海市,上海静安区汶水路静安体育中心,是,Pan,3000,80-120,121.453255,31.291619,,,
378,SAS“演技派”,混合/公开,2022.3,小红书：FICO.CallMe老冯 / 俱乐部联系人微信号fengzhu,湖北,武汉市,光谷beta能量中心,否,,100,公益组织，无费用，场地公摊,114.425132,30.481889,,,
379,DayBreak Club/DayBreak Team,混合/公开,2019,抖音号：123123upup/俱乐部联系人微信：15807100600,山东,青岛市,黄岛区中联运动足球场,是,粥粥：15年接触飞盘，多次参加北京、深圳Hat赛。 豆豆：18年接触飞盘。20年参加青岛大扇贝参加北京Open赛，21年组织自己队伍DayBreak参加天津Open赛。,目标200余人,50-100,120.351441,36.073017,,,
380,柳州工学院飞盘队,学校队伍,,无,广西,柳州市,柳州工学院,是,,,,109.530962,24.367175,无
381,南宁好嘢飞盘,混合/公开,2022.1,小红书：好嘢飞盘/微信号：hoooooyeah/俱乐部联系人微信号：liaoshizhu,广西,南宁市,广西壮族自治区南宁市青秀区琅西桂淞足球场,是,小竹：9年 UFO、fling、北京帮、北京大哥、北方、湘北,2000,50,108.362891,22.801263,
382,广州南方学院飞盘队,学校队伍,,无,广东,广州市,广州南方学院,是,,,,113.330725,23.188446,
383,天津大学TJUUA天天飞盘协会,学校队伍,2021.10,小红书：天大飞盘 联系人（SeveN）：18950235370,天津,天津市,天津市南开区卫津路92号天津大学（卫津路校区）,是,,,,117.170443,39.110201,
