Name,Type,Time,Contact,Province,City,Adress,Competive,Coach,Scale,Fee,lng,Lat
京妞,女子,2016,小红书：北京京妞儿女子飞盘俱乐部联系人微信号：R19971115,北京,北京市,八喜联合竞技俱乐部足球场,A.是,coach：cchow  在大哥 京妞打比赛，盘龄10+年,20人左右，欢迎更多选手加入,平摊场地费，具体取决于来的人数。,116.504686,39.954356
大哥飞盘,混合/公开,2006,公众号：大哥飞盘,北京,北京市,北京奥体中心,A.是,,,,116.399334,39.983656
北京D-FLY俱乐部,混合/公开,2018,北京极限飞盘/小红书：北京 D-FLY 飞盘俱乐部,北京,北京市,爱踢客青年足球俱乐部,A.是,有教练组,100—200人,,116.514579,39.972445
北京D-FLY俱乐部,混合/公开,2018,北京极限飞盘/小红书：北京 D-FLY 飞盘俱乐部,北京,北京市,首体北校区足球场,A.是,有教练组,100—200人,,116.34324,39.975401
桃罐头,混合/公开,2019.5,俱乐部联系人微信号：Moe00Mo,北京,北京市,陶凤缘黄桃罐头商店,A.是,,30人左右,无,116.333715,39.802876
GYMGANG飞盘队,混合/公开,2021.9,小红书：Gym Gang飞盘队,北京,北京市,东枫国际体育场路/北京市朝阳区农展馆南路甲9号,A.是,董天祺，北京大哥队精神队长，盘龄5年,30,无，需邀约制入队考试。,116.469083,39.936691
伙伴俱乐部,混合/公开,2021.2,公众号：伙伴俱乐部小红书：伙伴俱乐部微信：kpjdgy,北京,北京市,东枫国际体育园（室外）,B.否,总教练：张坤教练员：志夫、Terrence等,截止2022年1月，群内共七百余人，增长中。,根据活动时间、地点、内容而定。,116.469083,39.936691
伙伴俱乐部,混合/公开,2021.2,公众号：伙伴俱乐部小红书：伙伴俱乐部微信：kpjdgy,北京,北京市,方庄体育公园（室内/室外）,B.否,总教练：张坤教练员：志夫、Terrence等,截止2022年1月，群内共七百余人，增长中。,根据活动时间、地点、内容而定。,116.428442,39.867123
伙伴俱乐部,混合/公开,2021.2,公众号：伙伴俱乐部小红书：伙伴俱乐部微信：kpjdgy,北京,北京市,广渠路数字空间篮球馆（室内）,B.否,总教练：张坤教练员：志夫、Terrence等,截止2022年1月，群内共七百余人，增长中。,根据活动时间、地点、内容而定。,116.511702,39.885472
伙伴俱乐部,混合/公开,2021.2,公众号：伙伴俱乐部小红书：伙伴俱乐部微信：kpjdgy,北京,北京市,798室内足球场（室内）,B.否,总教练：张坤教练员：志夫、Terrence等,截止2022年1月，群内共七百余人，增长中。,根据活动时间、地点、内容而定。,116.503939,39.979506
伙伴俱乐部五仁飞盘队,混合/公开,2021.11,小红书：孙蹲蹲265345455,北京,北京市,北京朝阳区东枫国际体育园,B.否,,30人,100,116.469083,39.936691
YJ飞盘俱乐部,混合/公开,2020.6,公众号 YJ极限飞盘/小红书 北京YJ-FLY极限飞盘/联系人微信：798237829,北京,北京市,八喜联合竞技俱乐部（东风南路）,A.是,李子昂 盘龄2年 未在其他队伍/朱可 盘龄5年 大连理工蜻蜓队,队伍37人/俱乐部1000+,由场地不同而定,116.504686,39.954356
YJ飞盘俱乐部,混合/公开,2020.6,公众号 YJ极限飞盘/小红书 北京YJ-FLY极限飞盘/联系人微信：798237829,北京,北京市,东枫国际体育园,A.是,李子昂 盘龄2年 未在其他队伍/朱可 盘龄5年 大连理工蜻蜓队,队伍37人/俱乐部1000+,由场地不同而定,116.469083,39.936691
like a dog Frisbee Club,混合/公开,2022.3,小红书：2ric二瑞克 微信：18610064911,北京,北京市,十里铺足球场,B.否,,110,60～100,116.504496,39.926986
like a dog Frisbee Club,混合/公开,2022.3,小红书：2ric二瑞克 微信：18610064911,北京,北京市,奥森公园,B.否,,110,60～100,116.393096,40.009926
MOTIF飞盘俱乐部,混合/公开,2020,小红书：MOTIF飞盘俱乐部 视频号：MOTIF飞盘俱乐部 俱乐部联系人微信号：darrenli3927,北京,北京市,北京市奥林匹克森林公园南园体育园,B.否,,200,0-50元,116.378979,40.012284
北京飞猫飞盘（FriCat）,混合/公开,2021.11,小红书：FriCatFrisbee微信：FriCat,北京,北京市,朝阳区望京恒通国际零秒足球场,A.是,盘零5年,200人,50元,116.498409,39.97738
Quasar,混合/公开,2020.9,联系人微信：18102827587,北京,北京市,东枫国际体育园,B.否,王彬,30人,,116.469083,39.936691
北京西部梦乡,混合/公开,2022.4,活动社团主理人：Leo_Liu_6 队伍联系人：18515270427微信同号,北京,北京市,国家体育总局自行车击剑运动管理中心,A.是,Poison小豪 佛系老狗玩家 盘龄接近10年,新手局居多 每场次24～30人,100元/次,116.216659,39.915088
泉源极限飞盘队(Fountain),混合/公开,2021.5,泉源社群联系人微信号: 459908203 视频号：泉源飞盘,北京,北京市,东枫国际体育园,B.否,,,65-80不等,116.469083,39.936691
泉源极限飞盘队(Fountain),混合/公开,2021.5,泉源社群联系人微信号: 459908203 视频号：泉源飞盘,北京,北京市,奥森/太阳宫附近,B.否,,,65-80不等,116.45498,39.96766
Rebels,混合/公开,2011.3,小红书：你个猴儿；微信：15735170361,山西,太原市,祥云公园,A.是,,100人,,112.54852,37.766952
内蒙NM ULTIMATE,混合/公开,2020.9,联系人微信号：joeee_yu,内蒙古,呼和浩特市,成吉思汗笼式足球场地,B.否,,100人,50,111.669627,40.855281
大连女子飞盘队 （暂定名GDX）,女子,2019,（暂时）微信号：_9454274,辽宁,大连市,红旗足球公园,A.是,,,,121.531082,38.92695
沈阳飞盘社群,混合/公开,2020,联系人微信:13032428021,辽宁,沈阳市,沈阳市朗朗钢琴广场,B.否,,200人群 每次活动平均10人-20人,夏季免费 冬季均摊场地费,123.417658,41.743782
大连新光飞盘俱乐部,混合/公开,2022.3,小红书：大连新光飞盘俱乐部/微信号：15524607253,辽宁,大连市,辽宁省大连市奥林匹克广场,A.是,大连艺术学院，6年,300,30,121.608011,38.908841
沈阳SD-Fly,混合/公开,2022.3,微信：13940491727,辽宁,沈阳市,沈阳市浑南区朗朗钢琴广场,A.是,沈阳市体育学院极限飞盘选修学生,2000名会员,如需场地费，会AA,123.417658,41.743782
长春白鹿极限飞盘俱乐部,混合/公开,2015,公众号：JLU极限飞盘微信号：bailudiscs电话咨询：15611817062,吉林,长春市,吉林大学体育场/吉林省长春市前进大街2699号吉林大学,A.是,东东 地大飞盘 7年钰Max 西安飞盘 5年皮皮 白鹿飞盘 3年,30人,0,125.279835,43.82621
长春浩淼体育文化,混合/公开,2021.1,公众号：浩淼体育,吉林,长春市,长春市高新区畅达路777号综合体育馆,B.否,,30人,无,125.315189,43.830916
lumos Maxima,女子,2018,公众号：lumos MAXIMA 2018小红书：lumos飞盘俱乐部,上海,上海市,上海滩运动公社：上海市浦东新区张杨北路2700号,A.是,2022教练：小白Leo，盘龄8年，teams:CMBK、ChuChai、Huwa、Fling、宁波UFO、Double T、NutsCracker、2016&2019中国混合队；心宇Kyle，盘龄9年，teams:宁波UFO、Huwa、CMBK、ChuChai,队伍18～22人 ，每年训练营公开报名人数不等,训练一般平摊场地费 90～120/次,121.591666,31.307292
上海Sirens女子飞盘队,女子,2015.12,官 网：http://www.sirensultimate.com公众号：上海女子飞盘SirensUltimateclub小红书：上海Sirens女子飞盘俱乐部（小红书号：129435234）联系人微信号：sherrylee0213,上海,上海市,江湾体育场,A.是,教练：Nick林盘龄：2008年开始玩盘，13年北美飞盘经验。,40~50人,,121.516557,31.306615
上海Sirens女子飞盘队,女子,2015.12,官 网：http://www.sirensultimate.com公众号：上海女子飞盘SirensUltimateclub小红书：上海Sirens女子飞盘俱乐部（小红书号：129435234）联系人微信号：sherrylee0213,上海,上海市,上海瑞可碧橄榄球俱乐部,A.是,教练：Nick林盘龄：2008年开始玩盘，13年北美飞盘经验。,40~50人,,121.591265,31.307127
Griffin Ultimate 女子,女子,2022.1,小红书官号：戈里芬体育联系人微信：gaojingfen001,上海,上海市,上海浦东SCSC,A.是,参与组建了中国第一支女子竞技队上海Sirens，并在过去5年持续接受系统性女子竞技飞盘训练。,30,训练营118元/次,121.5666221,31.28735874
YONSEED,混合/公开,2014,小红书：YONSEED_KUBA,上海,上海市,浦东联洋社群附近绿地or球场,B.否,教练KUBA和很多出色的高校飞盘选手。KUBA盘龄11年，曾在YONSEED不同活动训练担任过教练的飞盘选手包括Et sandy frank jenny等等…,主要是针对青少年 七年累计越3-4k总人数,100-200不同活动内容,121.561538,31.22721
HUWA,混合/公开,1999,公众号: Huwa Family Or contact any of the captains,上海,上海市,Jiangwan Stadium,A.是,We don’t have coaches， Captains take care of everything,It depends,It depends,121.516557,31.306615
Shanghai Chuchai/上海出差,混合/公开,2017,微信号:Oliewatensai,上海,上海市,上海江湾体育场,A.是,,,,121.516557,31.306615
CMBK,混合/公开,2020.4,俱乐部联系人：17891912872,上海,上海市,静安,A.是,王晓飞 10年Huwa/Junk/UFO/Firestorm（Aus）/DoubleT,25人,,121.447348,31.227718
上海之翼（Shanghai Wings），2011年建队为上海之翼，之后改为鲲鹏飞盘俱乐部 2022年初改回了上海之翼,混合/公开,2011,公众号：上海鲲鹏飞盘（还没来得及改名） 小红书 ：上海之翼（Shang Wings）队长微信：qq514400760,上海,上海市,古北体汇，上海闵行区红松东路620号,A.是,混合队队长：L，江浩波，13年开始在宁波诺丁汉大学UFO飞盘社开始玩盘，2020年在上海工作后加入Wings女子队队长：王炎，12年左右开始玩盘，前wings队长,三四十人，以队伍为主,队员参加训练每次80元,121.398873,31.189377
上海多飞极限飞盘俱乐部,混合/公开,2020.7,公众号：上海多飞飞盘微信号：13636445175小红书：上海多飞飞盘俱乐部,上海,上海市,上海市徐汇区零陵路800号,A.是,教练：Mikl,2500-3000人,88-120,121.440786,31.183244
上海黑猫飞盘俱乐部,混合/公开,2008,公众号：上海黑猫极限飞盘队小红书：黑猫飞盘俱乐部联系人微信号：dorothyw,上海,上海市,上海市徐汇区龙腾大道3399号西岸营地（西岸金融城）,A.是,小潘 盘龄10+年 上海出差 沪蛙等晓飞 盘龄10+年 上海出差 沪蛙 Aougc中国国家队混合队,社群2000人，竞技队50人,120,121.463003,31.18297374
拿铁飞盘俱乐部,混合/公开,2021.6,公众号：拿铁飞盘俱乐部/小红书：拿铁飞盘俱乐部/联系人微信号：zhang529457180,上海,上海市,源深体育中心,A.是,大力,俱乐部成员1000，竞技队20人,18—99,121.534642,31.233004
上海山坡飞盘俱乐部,混合/公开,2020.6,公众号：上海山坡飞盘，小红书：上海山坡飞盘俱乐部，俱乐部联系人：18601670167,上海,上海市,上海市虹口区广粤支路89号,A.是,总教练：徐江军Ivan，盘龄15年，代表国家队参加洲际比赛，全国比赛获得过两次冠军，多次获得公开赛赛事MVP,700人左右,65-120不等的队内训练，新人营，pickup等,121.4594237,31.2977909
上海 Raven飞盘队,混合/公开,2021,微信cj9217,上海,上海市,局门路球场,A.是,CJ，沪蛙/出差/复旦，国家二级运动员，2011开始玩盘，排球/飞盘国家队选手。B站飞盘up主【玩飞盘的排球少年】。,社群规模2000人+,80-120元,121.480237,31.192249
上海 Raven飞盘队,混合/公开,2021,微信cj9217,上海,上海市,龙腾大道3399,A.是,CJ，沪蛙/出差/复旦，国家二级运动员，2011开始玩盘，排球/飞盘国家队选手。B站飞盘up主【玩飞盘的排球少年】。,社群规模2000人+,80-120元,121.463003,31.18297374
上海 Raven飞盘队,混合/公开,2021,微信cj9217,上海,上海市,外马路黄浦世博体育园,A.是,CJ，沪蛙/出差/复旦，国家二级运动员，2011开始玩盘，排球/飞盘国家队选手。B站飞盘up主【玩飞盘的排球少年】。,社群规模2000人+,80-120元,121.501499,31.205116
LEPAN楽伴飞盘俱乐部,混合/公开,2021.9,小红书：LEPAN楽伴飞盘俱乐部俱乐部联系人：qingfengbuguoer,上海,上海市,上海普陀,A.是,Panhuligans/huwa/chuchai/lumosMAXIMA,？还行,60-120,121.39547,31.249618
LEPAN楽伴飞盘俱乐部,混合/公开,2021.9,小红书：LEPAN楽伴飞盘俱乐部俱乐部联系人：qingfengbuguoer,上海,上海市,上海浦东,A.是,Panhuligans/huwa/chuchai/lumosMAXIMA,？还行,60-120,121.544346,31.221461
朱雀飞盘队,混合/公开,2022,微信cj9217,上海,上海市,局门路球场,A.是,CJ，沪蛙/出差/复旦，国家二级运动员，盘龄11年，排球/飞盘国家队选手。B站飞盘up主【玩飞盘的排球少年】。,社群规模2000人+,80-120元,121.480237,31.192249
朱雀飞盘队,混合/公开,2022,微信cj9217,上海,上海市,外马路黄浦世博体育园,A.是,CJ，沪蛙/出差/复旦，国家二级运动员，盘龄11年，排球/飞盘国家队选手。B站飞盘up主【玩飞盘的排球少年】。,社群规模2000人+,80-120元,121.501499,31.205116
Gravity引力星球,混合/公开,2021.6,全网搜Gravity引力星球 联系微信：gravitystar001,上海,上海市,世博黄浦体育园,A.是,Josh ，U20，U24国青队主教练，WFDF Game Advisor上海之翼俱乐部。盘龄10年；少爷，西安体院,5500人,120/场,121.501499,31.205116
Gravity引力星球,混合/公开,2021.6,全网搜Gravity引力星球 联系微信：gravitystar001,上海,上海市,聚动力河畔球场,A.是,Josh ，U20，U24国青队主教练，WFDF Game Advisor上海之翼俱乐部。盘龄10年；少爷，西安体院,5500人,120/场,121.479177,31.192844
Gravity引力星球,混合/公开,2021.6,全网搜Gravity引力星球 联系微信：gravitystar001,上海,上海市,乐动足球公园,A.是,Josh ，U20，U24国青队主教练，WFDF Game Advisor上海之翼俱乐部。盘龄10年；少爷，西安体院,5500人,120/场,121.5017378,31.20497516
Gravity引力星球,混合/公开,2021.6,全网搜Gravity引力星球 联系微信：gravitystar001,上海,上海市,黄兴公园,A.是,Josh ，U20，U24国青队主教练，WFDF Game Advisor上海之翼俱乐部。盘龄10年；少爷，西安体院,5500人,120/场,121.533383,31.295389
Gravity引力星球,混合/公开,2021.6,全网搜Gravity引力星球 联系微信：gravitystar001,上海,上海市,一兆韦德城市旗舰店,A.是,Josh ，U20，U24国青队主教练，WFDF Game Advisor上海之翼俱乐部。盘龄10年；少爷，西安体院,5500人,120/场,121.485773,31.231705
i星俱乐部,混合/公开,2021.7,小红书：i星俱乐部 联系人微信号：zyh1518,上海,上海市,上海黄浦体育园,B.否,,700,98-120,121.501499,31.205116
i星俱乐部,混合/公开,2021.7,小红书：i星俱乐部 联系人微信号：zyh1518,上海,上海市,乐动足球场,B.否,,700,98-120,121.5017378,31.20497516
PEight,混合/公开,2022,Cax/Wechat：caxtonhuang0316,上海,上海市,上海市嘉定区市民运动公园足球公园,B.否,,小,15 or more,121.240009,31.324543
Ds-Fly,混合/公开,2019.5,hanxiao_527,上海,上海市,上海滩运动公社,A.是,王家云，同济,25,70每次,121.591666,31.307292
DISCO.,混合/公开,2022.1,微信号：FitnessGirls2020 /小红书：DISCO.（6316949368）,上海,上海市,新虹桥中心花园北门球场（上海市长宁区延安西路2238号）,A.是,Fred史策2013-2017年 英国世界飞盘锦标赛 中国国家队  Eason中国队U20国家队队员上海U24队员,,,121.4039544,31.20152625
Neon Zebra,混合/公开,2021.9,小红书：NeonZebra斑马飞盘 抖音：斑马飞盘联系人：chuck1prh,上海,上海市,上海市长宁区北翟路72号洛克公园斑马足球场,A.是,教练chuck盘年龄：6个月是上海超光速raven竞技队的队员,355人,49/人,121.377022,31.219253
PUTON浦东飞盘俱乐部,混合/公开,2021,小红书：Michael大河 / 俱乐部联系人微信号：yveshe,上海,上海市,浦东琦逸足球公园/上海市浦东新区罗山路1177号,B.否,,20,120,121.570312,31.231731
FunCity奉贤社群,混合/公开,2021.12,俱乐部联系人：YuAN--67,上海,上海市,上海市奉贤区创林足球场,B.否,,100,0,121.441137,30.929741
上海邮差飞盘,混合/公开,2021.1,公众号：邮差飞盘小红书：邮差飞盘俱乐部联系人微信号：postmanfrisbee,上海,上海市,上海市浦东新区杨新东路280号中体世博都市运动中心,A.是,ROY/Pirates,40人,80,121.498386,31.185326
南京枪花俱乐部,混合/公开,2015,小红书：南京枪花俱乐部,江苏,南京市,南京体育学院操场,A.是,,20-30人,,118.866818,32.044332
南京飞盘俱乐部,混合/公开,2012,微信号：nanjingdisc,江苏,南京市,南京市浦口区浦口大道1号,A.是,,,,118.667918,32.055682
酥粥飞盘,混合/公开,2021,公众号：酥粥飞盘俱乐部联系人微信：BenCao964118,江苏,苏州市,苏州金阊文体中心苏州奥体中心苏州奥蓝大球场,A.是,大鸟 盘龄2年 南体 桃罐头昊楠 盘龄7年 苏大 CHUCHAI,,,120.556575,31.354445
苏州superjet 极限飞盘队,混合/公开,2022.3,小红书：苏州superjet极限飞盘队 俱乐部联系人微信号：17311137590,江苏,苏州市,苏州市工业园区金鸡湖香樟园,A.是,Flame.D杨烨东 桃罐头 枪花 盘龄：4Gary弓昊楠 沪娃 出差 盘龄：7,34,目前费用AA 根据场地而定,120.680456,31.319764
常州赤乌俱乐部Changzhou Raven Club,混合/公开,2022,常州飞盘小猴子 小红书号：1491981328,江苏,常州市,常州钟楼中天钢铁体育场,B.否,,,单次50，会员30,119.943831,31.770066
无锡Hard-D极限飞盘俱乐部,混合/公开,2020,微信号：WX_Hard-D_Frisbee,江苏,无锡市,无锡市梁溪区观山路八方汇,A.是,Pocky，杭州龙井虾仁前队长，7年 黄凯，无锡联队飞盘队队长，4年 Tony，无锡无锡飞盘创始人，10年,,,120.345606,31.578582
Nankings,混合/公开,2009,无公众号石迎利：Coffeeinn（联系人）Simon Liang（创始人）,江苏,南京市,南京市玄武湖公园樱洲,A.是,Simon Liang 梁爱伟盘龄20年,15人左右,免费参与,118.793549,32.072076
小鸟飞盘,混合/公开,2021.1,公众号：小鸟竞技小红书：Birdy Disc小鸟飞盘微信号：lvxiangbo,江苏,昆山市,昆山市体育中心足球场,B.否,,200,暂无,120.908499,31.386819
小鸟飞盘,混合/公开,2021.1,公众号：小鸟竞技小红书：Birdy Disc小鸟飞盘微信号：lvxiangbo,江苏,昆山市,慈济金亚园区足球场,B.否,,200,暂无,120.997199,31.372019
宁波 Flamingirls,女子,2016,俱乐部联系人微信号：xiayuli2001,浙江,宁波市,浙江省宁波市鄞州区首南街道泰康东路199号宁波诺丁汉大学,A.是,,100人以内,,121.56351,29.80002
杭州好虾女子飞盘队,女子,2022.3,小红书 杭州好虾女子飞盘队 主理人微信号：13634171841,浙江,杭州市,拱墅区糖果和洛克公园,A.是,盘龄5-10年，美国、上海、UFO都打过。,比赛人数40,60,120.209526,30.254565
盘人甲·杭州,混合/公开,2021.8,社群联系人微信号：panrejia001,浙江,杭州市,浙江省杭州市滨江区江汉路1515号浙江省杭州市西湖区双龙街与枫树路交汇处,B.否,,600人,50元/人/次,120.066506,30.292799
盘人甲·宁波,混合/公开,2021.8,社群联系人微信号：panrejianb,浙江,宁波市,浙江省宁波市江北区外滩街道槐树路290弄洛克运动中心八人制橄榄球场,B.否,,300人,50元/人/次,121.549435,29.887144
龙井虾仁（原杭州队）,混合/公开,2021.1,虾仁ultimate,浙江,杭州市,钱江世纪城大草坪,A.是,郑励，宁波UFO毕业，盘龄6年jack，盘龄10年左右,20人,50元/人,120.158978,30.247371
龙井虾仁（原杭州队）,混合/公开,2021.1,虾仁ultimate,浙江,杭州市,糖果盒足球场,A.是,郑励，宁波UFO毕业，盘龄6年jack，盘龄10年左右,20人,50元/人,120.197919,30.318834
温州飞盘煴队,混合/公开,2018,温州组织队伍：飞扬13336946069微信同步,浙江,温州市,温州市鹿城区智慧谷足球场,B.否,,,平均50元左右一个人,120.681877,28.015568
大白俱乐部,混合/公开,2021,小红书：DABAI-CLUB 微信号：DABAI-CLUB,浙江,杭州市,江和美,B.否,,1000人,50/次,120.227507,30.268539
西溪盘丝岭,混合/公开,2021.3,社团联系人微信号：172104733,浙江,杭州市,吉客体育中心/余杭区龙泉路16号,A.是,刘滨 盘龄10年和平 盘龄8年文瑞 盘龄7年,260人社群,50元/次,119.982487,30.281229
信天飞盘俱乐部,混合/公开,2022,小红书：信天飞盘/俱乐部联系人微信号：lansun185/视频号：净之来了,浙江,衢州市,衢州市民足球场/柯城区荷花五路,B.否,,20,暂无,118.875758,28.928934
福州Suns女子飞盘队,女子,2022.4,小红书：福州飞盘Joanna，微信：joannaisacoolcat,福建,福州市,福州沙滩公园,A.是,"Tammy, 盘龄9年，珠海UIC, 福州Flame，2015年AOUGC香港女子队roster； Joanna，盘龄7年，福州Flame，2019年AOUGC中国女子队roster精神队长，WFDF Advanced GA。 小北，盘龄5年，福州Flame，2019年AOUGC中国女子队roster。",50人（截止启动第二周）,300,119.230858,26.079922
福州Suns女子飞盘队,女子,2022.4,小红书：福州飞盘Joanna，微信：joannaisacoolcat,福建,福州市,福州南江滨五人制足球场,A.是,"Tammy, 盘龄9年，珠海UIC, 福州Flame，2015年AOUGC香港女子队roster； Joanna，盘龄7年，福州Flame，2019年AOUGC中国女子队roster精神队长，WFDF Advanced GA。 小北，盘龄5年，福州Flame，2019年AOUGC中国女子队roster。",50人（截止启动第二周）,300,119.271793,26.054464
厦门白鹭极限飞盘俱乐部,混合/公开,2011.8,公众号：厦门极限飞盘,福建,厦门市,厦门市同安区官浔溪体育公园,A.是,Deng、吴晓歪等，盘龄8-9年，一直在白鹭,会员100人，非会员共计约600人,会费300元/年，会员参加活动免费；非会员20元/次。,118.157475,24.638881
福州flame,混合/公开,2014,公众号：福州极限飞盘 FlameUltimate,福建,福州市,仓山区沙滩公园,A.是,革命,50人正式队员,200,119.230858,26.079922
沙茶面飞盘,混合/公开,2021.12,联系人微信号：AomySport2020 小红书：AmoySport,福建,厦门市,五缘湾运动馆,B.否,,700人,48,118.187206,24.526497
沙茶面飞盘,混合/公开,2021.12,联系人微信号：AomySport2020 小红书：AmoySport,福建,厦门市,地丰体育中心,B.否,,700人,48,118.106457,24.461994
沙茶面飞盘,混合/公开,2021.12,联系人微信号：AomySport2020 小红书：AmoySport,福建,厦门市,翌飞准者运动公园,B.否,,700人,48,118.188232,24.499212
厦门灰啊灰飞盘俱乐部,混合/公开,2022.2,微信号：amoyflyaway 小红书：厦门灰啊灰飞盘俱乐部,福建,厦门市,诺斯蒂体育公园/厦门市湖里区云顶北路1158号,B.否,,单场封顶40人（群成员700人）,48,118.158646,24.520014
泉州飓风极限飞盘,混合/公开,2019.9,小红书：泉州飓风极限飞盘，微信13559549798,福建,泉州市,福建省泉州市,A.是,飘老师，厦门白鹭队，盘龄5年,,,118.675724,24.874452
福州飞次方飞盘运动社群,混合/公开,2022,小红书:飞次方飞盘运动社群,福建,福州市,乌卡空中足球场（茶亭地铁站，居然之家6楼）,B.否,,200人,50,119.30564,26.06812
福州飞次方飞盘运动社群,混合/公开,2022,小红书:飞次方飞盘运动社群,福建,福州市,南江滨沙滩排球场旁的足球场,B.否,,200人,50,119.356931,26.038868
厦门友好飞盘俱乐部,混合/公开,2022.2,13055516655,福建,厦门市,厦门市体育中心,B.否,,120人,AA,118.108245,24.486208
杰哥飞盘,混合/公开,2022.3,电话微信同号:18906019446,福建,厦门市,厦门市牛头山足球场,A.是,庄晋杰，白鹭队，15年。李小鹏，白鹭队/CUG，10年。竺俊祺，白鹭队，10年。振辉，集大队，5年。康康，白鹭队，4年,586人,散客59,118.08316,24.493519
江西禾远DISC TOP飞盘俱乐部,混合/公开,2020,公众号：禾远飞盘   /   小红书：禾远飞盘   /   俱乐部联系电话和微信：18870859996,江西,南昌市,东湖足球公园/南昌市青山湖区湖滨西路,B.否,,100人,50元,115.931283,28.700814
青岛猎鲨飞盘俱乐部,混合/公开,2021.11,俱乐部联系人微信：1812514829（4月中旬会有公众号）,山东,青岛市,青岛市李沧区九水东路599号体育场,B.否,,35人,,120.48661,36.169746
郑州胡辣汤飞盘,混合/公开,2021.6,公众号：胡辣汤Ultimate Frisbee/小红书：郑州胡辣汤飞盘/俱乐部联系人微信号：OMGLeeXX,河南,郑州市,郑州市郑东新区市民体育公园,B.否,,,,113.764743,34.758389
河南象豫飞盘,混合/公开,2021.11,俱乐部联系人微信号：13223086926,河南,郑州市,郑州市民体育场,B.否,,30,未收费,113.763059,34.757712
小跑飞盘,混合/公开,2022.1,微信视频号：郑在小跑 / 小红书：郑在小跑 / B站：郑在小跑 / 俱乐部联系人微信号：18637119959,河南,郑州市,郑州市郑东新区郑州之林,B.否,,20人,,113.715345,34.774692
武汉女子CUGaea,女子,2016.6（2019.11重建）,公众号：地大飞盘 小红书：CUG Ultimate,湖北,武汉市,地大操场,B.否,,10人左右,,114.3931422,30.52322744
蜂潮飞盘俱乐部,混合/公开,2022,俱乐部联系人vx：7051044,湖北,武汉市,武汉市万隆足球场,B.否,,,,114.392001,30.51607
武汉风鹤飞盘俱乐部,混合/公开,2021.11,小红书：武汉风鹤飞盘/风鹤飞盘俱乐部 俱乐部微信客服：WHCRane2021,湖北,武汉市,妙羽足球乐园,B.否,,2500人左右,60-80,114.24662,30.607925
武汉风鹤飞盘俱乐部,混合/公开,2021.11,小红书：武汉风鹤飞盘/风鹤飞盘俱乐部 俱乐部微信客服：WHCRane2021,湖北,武汉市,塔子湖体育中心,B.否,,2500人左右,60-80,114.286626,30.643631
武汉风鹤飞盘俱乐部,混合/公开,2021.11,小红书：武汉风鹤飞盘/风鹤飞盘俱乐部 俱乐部微信客服：WHCRane2021,湖北,武汉市,汉为体育徐东销品茂,B.否,,2500人左右,60-80,114.343803,30.587749
武汉超光速smoc,混合/公开,2021.1,小红书:超光速SMOC武汉 /vx:nolanso1019,湖北,武汉市,汉为足球公园徐东销品茂店,A.是,胖子:lazy GDY 盘龄10年/minai 攒劲飞盘 lazy 盘龄10年+,社群3000人+,80单人票/2h,114.342237,30.587407
武汉 LakeUltimate,混合/公开,2022.3,小红书：武汉LakeUltimate飞盘,湖北,武汉市,光谷阿尔法创意园,B.否,,300,30-50,114.423516,30.480468
武汉420UP飞盘俱乐部,混合/公开,2021.11,小红书：武汉420UP飞盘俱乐部 / 俱乐部联系人微信：Ewig66,湖北,武汉市,江汉湾全民健身中心,B.否,,1500,80/人,114.200876,30.584722
聚星村·长沙,混合/公开,2018.4,微信搜索公众号：聚星村飞盘俱乐部,湖南,长沙市,中南大学体育场,A.是,主教练：杨星，盘龄13年，长沙最早一批玩盘人。,注册会员86人,注册费：89元（包含新手村专业指导，一件训练背心，一个训练飞盘）,112.933982,28.153332
长沙湘北,混合/公开,2015,社群微信号：csxbfp,湖南,长沙市,长沙市内各区域均有覆盖,A.是,Reddick 盘龄14年 湘北队长/湘北社群主理人,1500+,39.9元,112.938882,28.228304
广州 Mega Mad 女子飞盘,女子,2016,公众号：GZ MEGA MAD id: megamadultimate,广东,广州市,南浦,A.是,教练AJ萧焯健、Mark陈冠弦均来自广工UFO飞盘，目前效力于GZ STORM(MIX)、GZ SuperStorm(OPEN),40-50人,500左右/赛季（根据场地费用上下浮动）,113.289127,23.041337
广州 Mega Mad 女子飞盘,女子,2016,公众号：GZ MEGA MAD id: megamadultimate,广东,广州市,木生缘,A.是,教练AJ萧焯健、Mark陈冠弦均来自广工UFO飞盘，目前效力于GZ STORM(MIX)、GZ SuperStorm(OPEN),40-50人,500左右/赛季（根据场地费用上下浮动）,113.346715,22.950079
广州 Mega Mad 女子飞盘,女子,2016,公众号：GZ MEGA MAD id: megamadultimate,广东,广州市,星驰,A.是,教练AJ萧焯健、Mark陈冠弦均来自广工UFO飞盘，目前效力于GZ STORM(MIX)、GZ SuperStorm(OPEN),40-50人,500左右/赛季（根据场地费用上下浮动）,113.591145,23.540839
深圳还可以女子队,女子,2016,公众号：深圳女子飞盘/小红书：深圳还可以女子飞盘队/俱乐部联系人微信号：ppc12180807,广东,深圳市,深圳湾体育中心内场,A.是,由队长和各个有经验的选手轮流带训,女子社群有150人左右，女子队伍维持在30-40人左右,无（场地费均摊，有经验的选手均无偿教学,113.949998,22.518236
佛山千色灯湖青少年飞盘俱乐部,混合/公开,2019,公众号：千色灯湖,广东,佛山市,佛山市南海区三洲工业区新活力足球场,A.是,AC 盘龄2年,50个中小学生,150元左右/次,113.200447,23.050627
广州如鹰飞盘俱乐部,混合/公开,2021.7,小红书：广州如鹰飞鹰飞盘 联系人微信：18188801060,广东,广州市,广州市番禺区南浦金枫河畔足球场,A.是,学铭 超过十年盘龄,,,113.285082,23.025708
深圳飞鹰,混合/公开,2020.11,微信：15536129777 小红书：玩飞盘的·,广东,深圳市,大望足球场,A.是,小黑,u13,,114.171722,22.595676
新赛道飞盘俱乐部,混合/公开,2020.9,俱乐部联系人微信号: f_123eNg,广东,东莞市,广东省东莞市东城体育公园,A.是,现在在新赛道飞盘队当主教练，曾经在深圳男子队、深圳乐奥队伍打比赛，盘龄6年。,u9 u13,,113.775011,23.005655
Shenzhen Ultimate Players Association(S.Z.U.P.A.),混合/公开,2008,Add SZultimate on Wechat,广东,深圳市,"Nanshan, Futian, Shekou",A.是,Coach James Coach Jeff Coach Rachel Coach Amga Coach Andres Coach Wang Lu Coach Django,,,114.057939,22.543527
深圳 Zen,混合/公开,2016,微信：Shenzhen Zen飞盘分享,广东,深圳市,深圳湾体育中心,A.是,"Hello! The Shenzhen Zen are Shenzhen's top mixed Ultimate team. We have played together for more than 5 years and recently have won the 2021 Guangzhou Lingnan and 2021 Shenzhen Opens. We are always keen to add new talent to our tournament and practice squads, so if you're a high level player coming to Shenzhen and looking for top level play, talk to James or Gene!",,,113.949998,22.518236
STORM,混合/公开,2012,公众号：广州极限飞盘Ultimateid:gzultimate,广东,广州市,广州南浦,A.是,,40-50人,,113.289127,23.041337
盘牛飞盘俱乐部,混合/公开,2021.11,微信号：18681464898,广东,深圳市,南山区科技园足球场,A.是,深圳zen 郭嘉荣 盘龄15年,300-400,80-100,113.94679,22.556374
鱼塘,混合/公开,2020,微信号：13005426907,广东,深圳市,宝安新安足球公园,B.否,,,50,113.903518,22.572066
乐奥飞盘夜行侠,混合/公开,2017,公众号：乐奥飞盘小红书：Cole飞盘世界俱乐部联系人微信号：youip78365,广东,深圳市,深圳湾体育场,A.是,陈冠廷 盘龄八年深圳男子队 义乌懒人Lazy队乐奥飞盘队,80,80,113.949998,22.518236
JW Free Frisbee Club,混合/公开,2022.1,小红书:JW Free Frisbee嘉伟飞盘,广东,深圳市,福田海滨生态体育公园/皇冠体育中心,A.是,嘉伟， cug，盘龄9年,,,114.020635,22.533019
Pioneer先行者,混合/公开,2022.1,俱乐部联系人微信号：king770338527,广东,深圳市,皇冠体育场 深圳市福田区车公庙十亩地内,A.是,黄琨 加州大学戴维斯分校校队 盘龄八年,23人,70/次,114.0198719,22.53933961
UIC-7,混合/公开,2010,公众号：UIC-7小红书：UIC-7 Ultimate Frisbee俱乐部联系人微信号：HersheyBee,广东,珠海市,珠海市香洲区会同体育公园,A.是,暂无,50,,113.51785,22.356392
乐奥飞盘夜行侠,混合/公开,2017,陈冠廷 Cole：13509637424,广东,深圳市,深圳湾体育场,A.是,陈冠廷 / 各地 / 8年,2000,80-200,113.949998,22.518236
東莞黑虎幫飛盤俱樂部,混合/公开,2021,公眾號：千里行戶外 小紅書：东莞千里行飞盘-宏文,广东,东莞市,東莞南城索伏德足球世界,B.否,,,,113.75285,23.02485
鸽队,混合/公开,2019,微信号：894852800,广东,深圳市,深圳湾体育中心,A.是,深圳zen几个主力选手,15人,,113.949998,22.518236
新赛道飞盘俱乐部,混合/公开,2020.9,俱乐部联系人微信号: f_123eNg,广东,东莞市,广东省东莞市东城体育公园,A.是,现在在新赛道飞盘队当主教练，曾经在深圳男子队、深圳乐奥队伍打比赛，盘龄6年。,30-40人，两支队伍，新赛道AB队,50-80,113.775011,23.005655
视界飞盘俱乐部,混合/公开,2021.11,公众号：视界飞盘/小红书：视界飞盘/俱乐部联系人微信：cxuehui,广东,广州市,广东省广州市番禺区金枫河畔足球公园,A.是,广州storm，盘龄9-10年,平时参加活动人数30人左右/场,64-68/人,113.285082,23.025708
SMS国体飞盘俱乐部,混合/公开,2019,俱乐部联系人微信号：STEVENXIII,广东,深圳市,大沙河公园,B.否,,30-40人,无,113.961327,22.556822
SMS国体飞盘俱乐部,混合/公开,2019,俱乐部联系人微信号：STEVENXIII,广东,深圳市,深圳中学泥岗校区运动场,B.否,,30-40人,无,114.092946,22.56562
珠海bubble飞盘,混合/公开,2022.3,小红书：珠海bubble飞盘/俱乐部联系人微信号：Ar1anaMinaj,广东,珠海市,广东省珠海市高新区前岛环路前环文体公园,A.是,刘万世，北师珠飞盘创立者之一，2014年开始打盘，北师Griffins/广州storm/广州thunder都去过,700人组织/每次活动40+人,40/free,113.601001,22.362564
境悦体育,混合/公开,2019,俱乐部联系人：李亚男18102205492，微信同号,广东,广州市,广州市番禺区亚运城社区草坪,B.否,李亚男,15,,113.496839,22.945668
香蕉俱乐部,混合/公开,2021.12,小红书：香蕉俱乐部,广东,广州市,番禺万博海印又一城南方起跑天空之城(广州地铁7/18号线A出口 680米）,B.否,,,,113.348979,22.999534
广州荔枝飞盘俱乐部,混合/公开,2021.1,公众号：荔枝飞盘 LYCHEE CAMP小红书：荔枝飞盘Lychee Ultimate俱乐部联系人微信：511375881,广东,广州市,广州海珠区万胜围新港东路2352号拾号体育公园杨青店,A.是,BILL : .1. 2019国家飞盘男子队队员,社群1000人以上,78元/次,113.391981,23.096254
广州荔枝飞盘俱乐部,混合/公开,2021.1,公众号：荔枝飞盘 LYCHEE CAMP小红书：荔枝飞盘Lychee Ultimate俱乐部联系人微信：511375881,广东,广州市,广州天河区海清路海定街1号猎德实验学校,A.是,BILL : .1. 2019国家飞盘男子队队员,社群1000人以上,78元/次,113.337457,23.115805
广州荔枝飞盘俱乐部,混合/公开,2021.1,公众号：荔枝飞盘 LYCHEE CAMP小红书：荔枝飞盘Lychee Ultimate俱乐部联系人微信：511375881,广东,广州市,广州天河区林乐路桥林苑东侧未来社,A.是,BILL : .1. 2019国家飞盘男子队队员,社群1000人以上,78元/次,113.33098,23.143738
广州空中飞盘俱乐部,混合/公开,2022.3,小红书：空中飞盘 联系人微信号：zhangyzll,广东,广州市,天河区前进街道东圃上盖公园足球场,B.否,,300人左右,0-60,113.406056,23.113099
深圳吃饼CLUB,混合/公开,2021.8,小红书：深圳飞盘-吃饼CLUB 微信：15986807997,广东,深圳市,深圳市深圳北站中心公园足球场,B.否,,1200人,50-80元/人,114.075597,22.546347
aslash好动俱乐部,混合/公开,2022.1,小红书:aslash好动俱乐部 官方微信:aslashcs,广东,佛山市,顺德区德胜文化广场足球场,B.否,,900人,25-35元每人每次活动,113.293475,22.800326
深圳IEG飞盘俱乐部 (腾讯),混合/公开,2022.4,微信号：67998001,广东,深圳市,深圳湾体育中心,B.否,,200,50,113.949998,22.518236
日落飞盘SUNSET CLUB,混合/公开,2021.12,微信号：SUNSETCLUB1210,广东,深圳市,深圳市福田区海滨生态体育公园,B.否,,微信群500人,50,114.012473,22.529292
GTX（Guangzhou Training eXtreme）,混合/公开,2021,小红书：605372633,广东,广州市,广州市海珠区会展公园足球场,B.否,,1500-2000人,30-50元,113.355037,23.103013
HUCK飞盘,混合/公开,2022,小红书：HUCK飞盘,广东,深圳市,深圳湾体育中心,B.否,,4000,80,113.949998,22.518236
菠萝盘友PAPS,混合/公开,2022.2,联系人微信：xiongmao_111 小红书：667781978,广东,广州市,地铁21号线，天河智慧城/苏元,A.是,10年开始玩飞盘，UIC、珠海飞盘队第一批成员，PAPS创办者、飞盘推广者,200,48,113.403184,23.163275
汕头离奇飞盘俱乐部,混合/公开,2019,小红书:PangooFrisbee 微信号:PangooFrisbee,广东,汕头市,柏嘉运动公园足球场,A.是,袁梓博 盘龄8年 现汕头离奇飞盘俱乐部总教练; 曾任厦门白鹭极限飞盘队队长; 2021温州公开赛冠军;2020厦门沙滩分组赛季军及MVP;2019福建公开赛亚军及MVP,目前约750人,目前日常活动38元／人次，部分特殊活动费用则以当次活动公布为准,116.76164,23.349612
深圳HammerFrisbee,混合/公开,2021.12,小红书：深圳Hammer-Frisbee,广东,深圳市,深圳湾体育场,B.否,,1200,,113.949998,22.518236
好嘢飞盘,混合/公开,2022.1,小红书：好嘢飞盘/微信号：hoooooyeah/俱乐部联系人微信号：liaoshizhu,广西,南宁市,广西壮族自治区南宁市青秀区琅西桂淞足球场,A.是,小竹：9年 UFO、fling、北京帮、北京大哥、北方、湘北,260,50,108.362891,22.801263
螺蛳粉飞盘Lots of Fun Frisbee,混合/公开,2022.1,联系人电话号（微信）：13397728080,广西,柳州市,柳州市体育中心3+1球场,B.否,,50,无,109.435982,24.344663
南宁宇宙飞盘Universe,混合/公开,2022.2,小红书：宇宙飞盘Universe 微信号：Ddddarkly,广西,南宁市,广西壮族自治区南宁市青秀区长堽路蛋壳体育公园,B.否,,1000人,人均25,108.360444,22.837816
南宁 Nice飞盘,混合/公开,2022.3,小红书：南宁Nice飞盘/社群小客服微信号：Nice_Frisbe,广西,南宁市,广西南宁市江南区凌铁大桥福建园球场,B.否,,,,108.320649,22.796744
麻直飞盘,混合/公开,2022.3,小红书：麻直飞盘 联系人微信号：Janice5327,广西,桂林市,马艺城五人制足球场,B.否,,,,110.32111,25.269983
麻直飞盘,混合/公开,2022.3,小红书：麻直飞盘 联系人微信号：Janice5327,广西,桂林市,广西师范大学雁山校区,B.否,,,,110.287984,25.094632
海口北极熊,混合/公开,2014,俱乐部联系人微信号：17889981935,海南,海口市,美兰区万绿园,B.否,,,,110.313766,20.033727
海口JiBua飞盘俱乐部,混合/公开,2022.3,微信号：HKJiBuaClub,海南,海口市,世纪公园足球场,A.是,宁波UFO 5年盘龄,700人+,,110.318718,20.042093
海口跃悦飞盘俱乐部,混合/公开,2021,微信号：15808904379,海南,海口市,万绿园,B.否,,,,110.313766,20.033727
成都飞盘大队Feipanda,混合/公开,2010,公众号:成都飞盘大队/小红书: Feipanda成都飞盘大队/俱乐部联系人微信号: zhaochen9606,四川,成都市,全成都,A.是,赵宸（飞机） 9年盘龄 飞盘大队出生，大哥长大，到处浪,队伍成员60，俱乐部成员2500,训练20/次，活动68~180不等,104.066301,30.572961
成都麻将飞盘,混合/公开,2021.11,小红书：成都麻将飞盘  负责人微信：tanjie326,四川,成都市,成都市锦江区晨辉足球公园,A.是,,50人,40-50人,104.114107,30.606809
辣骄飞盘,混合/公开,2022.1,辣骄飞盘/小红书/ 联系人：15196364575,四川,成都市,成都市西村皇家贝里斯足球场,A.是,Ruby 宁波UFO/ 成都飞盘大 6年盘龄,1000人,50,104.003734,30.67103
辣骄飞盘,混合/公开,2022.1,辣骄飞盘/小红书/ 联系人：15196364575,四川,成都市,成都市中锦驿动足球场,A.是,Ruby 宁波UFO/ 成都飞盘大 6年盘龄,1000人,50,104.115109,30.621135
辣骄飞盘,混合/公开,2022.1,辣骄飞盘/小红书/ 联系人：15196364575,四川,成都市,成都市凯德广场球场,A.是,Ruby 宁波UFO/ 成都飞盘大 6年盘龄,1000人,50,104.062914,30.601678
成都超光速俱乐部,混合/公开,2021.9,微信：smoccd 小红书：超光速smoc成都,四川,成都市,成都双桥子足球公园,B.否,,,,104.110565,30.641581
成都超光速俱乐部,混合/公开,2021.9,微信：smoccd 小红书：超光速smoc成都,四川,成都市,成都c7城市中心室内足球场,B.否,,,,104.086864,30.590012
贵阳攒劲飞盘,混合/公开,2016,公众号：攒劲飞盘 / 小红书：贵阳攒劲飞盘 / 联系人微信号：vincent_808,贵州,贵阳市,贵阳市双龙生态体育中心,A.是,黄添（合体），之前在武汉CUG，盘龄10年,常规训练20～30人左右,0,106.771738,26.531685
山人飞盘,混合/公开,2014,公众号：山人飞盘 KM Ultimate / 小红书： 山人飞盘 KM Ultimate,云南,昆明市,昆船体育馆 / 昆明市官渡区昆船工业区南门,A.是,教练1： 韦标      武汉CUG  盘龄  8年教练2: Michael   美国        盘龄  15年教练3:  paul      昆明山人   盘龄  14年,主力队员20人 ，新人持续招募中,40元 / 人次 / 每周六下午 13-16点,102.799634,24.992553
飞盘园游会,混合/公开,2021.8,公众号：飞盘园游会 /小红书：飞盘园游会俱乐部联系人微信号YjayChow,云南,昆明市,云南省昆明市西山区春雨937云南省昆明市西山区小矮人足球场,A.是,周周-盘龄4年月亮-盘龄3年阿肖-盘龄3年,微信群460,pick-up 50/人,102.684178,25.031949
飞盘园游会,混合/公开,2021.8,公众号：飞盘园游会 /小红书：飞盘园游会俱乐部联系人微信号YjayChow,云南,昆明市,云南省昆明市西山区红塔训练基地云南省昆明市西山区春雨937云南省昆明市西山区小矮人足球场,A.是,周周-盘龄4年月亮-盘龄3年阿肖-盘龄3年,微信群460,pick-up 50/人,102.6307384,24.971866
昆明超星系飞盘俱乐部,混合/公开,2021.9,小红书：超星系飞盘俱乐部 微信号：HHCCeline,云南,昆明市,维予体育足球场,A.是,以前在上海之翼 沪蛙联赛 复旦飞盘社 黑猫飞盘 打过 09年通过刘伟接触飞盘 12年参加训练 打比赛 至今,社群有1700人,45,102.738939,24.988072
昆明超星系飞盘俱乐部,混合/公开,2021.9,小红书：超星系飞盘俱乐部 微信号：HHCCeline,云南,昆明市,科化星空足球场,A.是,以前在上海之翼 沪蛙联赛 复旦飞盘社 黑猫飞盘 打过 09年通过刘伟接触飞盘 12年参加训练 打比赛 至今,社群有1700人,45,102.661926,25.122008
昆明超星系飞盘俱乐部,混合/公开,2021.9,小红书：超星系飞盘俱乐部 微信号：HHCCeline,云南,昆明市,跃马足球场,A.是,以前在上海之翼 沪蛙联赛 复旦飞盘社 黑猫飞盘 打过 09年通过刘伟接触飞盘 12年参加训练 打比赛 至今,社群有1700人,45,102.694224,25.081016
西安肉夹馍,混合/公开,2012,公众号：西安极限飞盘/小红书：西安肉夹馍极限飞盘俱乐部/俱乐部联系人微信号：wenzi40000,陕西,西安市,西安交通大学足球场,A.是,教练代表国家参加过2019年AOUGC,,,108.985221,34.242904
秦岭脚下极限飞盘俱乐部,混合/公开,2021,俱乐部联系人微信号HHZ426987464,陕西,宝鸡市,团结运动公园,B.否,,20人,无,107.217013,34.356877
宝鸡0917极限飞盘,混合/公开,2022.4,微信号：sknewbtt 小红书 宝鸡0917极限飞盘,陕西,宝鸡市,宝鸡渭河生态公园足球场（蟠龙桥下）,,西安肉夹馍飞盘队，盘龄7年,50,,109.50926,34.53246
兰州小行星俱乐部,混合/公开,2022.1,俱乐部联系人微信号：inan-mede,甘肃,兰州市,碧桂园体育场,B.否,,40人,无,118.0665556,36.106285
宁夏飞盘帮,混合/公开,2022.3,小红书：飞盘帮。公众号：飞盘帮。微信号：mzqthu或者fuji6kuai,宁夏,银川市,宁夏银川金凤区森林公园,A.是,马自强 曾在北京飞盘。刘治华，银川科技学院体育教师,,100,106.206688,38.480589
新疆飞盘队,混合/公开,2014.6,微信号：b_990706,新疆,乌鲁木齐市新市,新疆乌鲁木齐市新市区新医路新疆医科大学,A.是,小然 新疆昭苏县天马飞盘队 8年,15,,87.579571,43.836944
新疆昭苏县天马飞盘队,混合/公开,2012,微信号：xiateke8798,新疆,伊犁州,新疆伊犁州昭苏县体育场,A.是,夏提克,15,,81.134382,43.151804
